"Submission ID","Respondent ID","Submitted at","Czy orientujesz się w tematach Sztucznej Inteligencji lub uczenia maszynowego?
","Czy widzisz potrzebę wyjaśniania ludziom decyzji systemów Sztucznej Inteligencji?","Czy wiesz czym są kontrfakty (ang. counterfactuals)?","
Czy spotkałeś się z kontrfaktami lub scenariuszami ""what if"" w systemach AI?
","W jakich dziedzinach kontrfakty wydają Ci się być najbardziej przydatne? (Zaznacz wszystkie pasujące odpowiedzi)
","W jakich dziedzinach kontrfakty wydają Ci się być najbardziej przydatne? (Zaznacz wszystkie pasujące odpowiedzi)
 (Decyzje dotyczące diagnozy medycznej)","W jakich dziedzinach kontrfakty wydają Ci się być najbardziej przydatne? (Zaznacz wszystkie pasujące odpowiedzi)
 (Decyzje finansowe dotyczące pożyczek/kredytów)","W jakich dziedzinach kontrfakty wydają Ci się być najbardziej przydatne? (Zaznacz wszystkie pasujące odpowiedzi)
 (Zatrudnianie i rekrutacja)","W jakich dziedzinach kontrfakty wydają Ci się być najbardziej przydatne? (Zaznacz wszystkie pasujące odpowiedzi)
 (Decyzje prawne/sądowe)","W jakich dziedzinach kontrfakty wydają Ci się być najbardziej przydatne? (Zaznacz wszystkie pasujące odpowiedzi)
 (Rekomendacje produktów)","W jakich dziedzinach kontrfakty wydają Ci się być najbardziej przydatne? (Zaznacz wszystkie pasujące odpowiedzi)
 (Badania naukowe)","W jakich dziedzinach kontrfakty wydają Ci się być najbardziej przydatne? (Zaznacz wszystkie pasujące odpowiedzi)
 (Strategia biznesowa)","W jakich dziedzinach kontrfakty wydają Ci się być najbardziej przydatne? (Zaznacz wszystkie pasujące odpowiedzi)
 (Inne)","Inne:","1. Jak bardzo kontrfakt jest podobny do oryginału?","1. Czy twarz z kontrfaktu rzeczywiście się uśmiecha?","2. Jak bardzo kontrfakt jest podobny do oryginału?","2. Czy twarz z kontrfaktu rzeczywiście się uśmiecha?","3. Jak bardzo kontrfakt jest podobny do oryginału?","3. Czy twarz z kontrfaktu rzeczywiście się uśmiecha?","4. Jak bardzo kontrfakt jest podobny do oryginału?","4. Czy twarz z kontrfaktu rzeczywiście się uśmiecha?","5. Jak bardzo kontrfakt jest podobny do oryginału?","5. Czy twarz z kontrfaktu rzeczywiście się uśmiecha?","6. Jak bardzo kontrfakt jest podobny do oryginału?","6. Czy twarz z kontrfaktu rzeczywiście się uśmiecha?","7. Jak bardzo kontrfakt jest podobny do oryginału?","7. Czy twarz z kontrfaktu rzeczywiście się uśmiecha?","8. Jak bardzo kontrfakt jest podobny do oryginału?","8. Czy twarz z kontrfaktu rzeczywiście się uśmiecha?","9. Jak bardzo kontrfakt jest podobny do oryginału?","9. Czy twarz z kontrfaktu rzeczywiście się uśmiecha?","10. Jak bardzo kontrfakt jest podobny do oryginału?","10. Czy twarz z kontrfaktu rzeczywiście się uśmiecha?","11. Jak bardzo kontrfakt jest podobny do oryginału?","11. Czy twarz z kontrfaktu rzeczywiście się uśmiecha?","12. Jak bardzo kontrfakt jest podobny do oryginału?","12. Czy twarz z kontrfaktu rzeczywiście się uśmiecha?","13. Jak bardzo kontrfakt jest podobny do oryginału?","13. Czy twarz z kontrfaktu rzeczywiście się uśmiecha?","14. Jak bardzo kontrfakt jest podobny do oryginału?","14. Czy twarz z kontrfaktu rzeczywiście się uśmiecha?","15. Jak bardzo kontrfakt jest podobny do oryginału?","15. Czy twarz z kontrfaktu rzeczywiście się uśmiecha?","16. Jak bardzo kontrfakt jest podobny do oryginału?","16. Czy twarz z kontrfaktu rzeczywiście się uśmiecha?","17. Jak bardzo kontrfakt jest podobny do oryginału?","17. Czy twarz z kontrfaktu rzeczywiście się uśmiecha?","Ułóż kontrfakty od najbardziej do najmniej przydatnego","Ułóż kontrfakty od najbardziej do najmniej przydatnego (2)","18. Jak bardzo kontrfakt jest podobny do oryginału?","18. Czy cyfra z kontrfaktu rzeczywiście wygląda jak 1?","19. Jak bardzo kontrfakt jest podobny do oryginału?","19. Czy cyfra z kontrfaktu rzeczywiście wygląda jak 1?","20. Jak bardzo kontrfakt jest podobny do oryginału?","20. Czy cyfra z kontrfaktu rzeczywiście wygląda jak 1?","21. Jak bardzo kontrfakt jest podobny do oryginału?","21. Czy cyfra z kontrfaktu rzeczywiście wygląda jak 1?","22. Jak bardzo kontrfakt jest podobny do oryginału?","22. Czy cyfra z kontrfaktu rzeczywiście wygląda jak 1?","23. Jak bardzo kontrfakt jest podobny do oryginału?","23. Czy cyfra z kontrfaktu rzeczywiście wygląda jak 1?","24. Jak bardzo kontrfakt jest podobny do oryginału?","24. Czy cyfra z kontrfaktu rzeczywiście wygląda jak 8?","25. Jak bardzo kontrfakt jest podobny do oryginału?","25. Czy cyfra z kontrfaktu rzeczywiście wygląda jak 5?","26. Jak bardzo kontrfakt jest podobny do oryginału?","26. Czy cyfra z kontrfaktu rzeczywiście wygląda jak 1?","27. Jak bardzo kontrfakt jest podobny do oryginału?","27. Czy cyfra z kontrfaktu rzeczywiście wygląda jak 1?","28. Jak bardzo kontrfakt jest podobny do oryginału?","28. Czy cyfra z kontrfaktu rzeczywiście wygląda jak 1?","29. Jak bardzo kontrfakt jest podobny do oryginału?","29. Czy cyfra z kontrfaktu rzeczywiście wygląda jak 3?","30. Jak bardzo kontrfakt jest podobny do oryginału?","30. Czy cyfra z kontrfaktu rzeczywiście wygląda jak 4?","Wiek:","Wykształcenie","Główny obszar pracy/nauki","Inny:"
"obYzbdN","2EAMV2b","2025-12-08 11:03:06","Tak","Tak","Tak","Tak, często","Rekomendacje produktów, Decyzje dotyczące diagnozy medycznej, Decyzje prawne/sądowe","true","false","false","true","true","false","false","false","","2","4","1","5","3","4","1","4","1","3","3","4","5","2","1","4","5","3","4","3","1","3","3","4","1","5","3","3","1","3","1","3","2","5","Płeć: mężczyzna->kobieta, Wiek: 56->43.46, Opłata: 35.50->61.39;, Klasa: 1->3, Płeć: mężczyzna->kobieta, Wiek: 56->28.83, Opłata: 35.50->0, Rodzeństwo/Małżonkowie: 0->0.65;, Wiek: 56->17.50, Płeć: mężczyzna->kobieta;, Rodzeństwo/Małżonkowie: 0->5, Płeć: mężczyzna->kobieta;, Rodzeństwo/Małżonkowie: 0->5, Opłata: 35.50->250.89;, Rodzeństwo/Małżonkowie: 0->3, Klasa: 1->3;, Rodzeństwo/Małżonkowie: 0->1.11;, Opłata: 35.50->40.75, Rodzeństwo/Małżonkowie: 0->0.10, Wiek: 56->57.07;, Wiek: 56->64, Opłata: 35.50->27.72;","Wiek: 23->3.70;, Wiek: 23->8.50;, Wiek: 23->8, Rodzeństwo/Małżonkowie: 2->1, Opłata: 11.50->36.75;, Wiek: 23->17.43;, Klasa: 2->3, Płeć: mężczyzna->kobieta, Rodzice/Dzieci: 1->0, Rodzeństwo/Małżonkowie: 2->0.85, Wiek: 23->30.54, Opłata: 11.50->0;, Rodzice/Dzieci: 1->5, Płeć: mężczyzna->kobieta;, Klasa: 2->1, Rodzice/Dzieci: 1->1.26, Rodzeństwo/Małżonkowie: 2->2.21, Wiek: 23->25.60, Opłata: 11.50->19.30;, Klasa: 2->1, Rodzice/Dzieci: 1->1.80, Rodzeństwo/Małżonkowie: 2->3.11;, Rodzeństwo/Małżonkowie: 2->7, Klasa: 2->1;","3","1","4","1","1","5","4","1","5","1","4","4","2","1","3","1","4","2","3","2","1","1","1","5","1","4","19-26","Licencjat","AI / Machine Learning / Data Science","prawo"
"vGVzrjA","2EAMV2b","2025-12-08 11:15:21","Tak","Tak","Nie","","","","","","","","","","","","3","5","2","5","4","5","2","3","1","3","3","3","5","2","1","5","4","3","4","3","1","4","4","3","1","5","3","3","2","4","1","3","4","5","Płeć: mężczyzna->kobieta, Wiek: 56->43.46, Opłata: 35.50->61.39;, Klasa: 1->3, Płeć: mężczyzna->kobieta, Wiek: 56->28.83, Opłata: 35.50->0, Rodzeństwo/Małżonkowie: 0->0.65;, Opłata: 35.50->40.75, Rodzeństwo/Małżonkowie: 0->0.10, Wiek: 56->57.07;, Wiek: 56->64, Opłata: 35.50->27.72;, Rodzeństwo/Małżonkowie: 0->5, Opłata: 35.50->250.89;, Wiek: 56->17.50, Płeć: mężczyzna->kobieta;, Rodzeństwo/Małżonkowie: 0->5, Płeć: mężczyzna->kobieta;, Rodzeństwo/Małżonkowie: 0->3, Klasa: 1->3;, Rodzeństwo/Małżonkowie: 0->1.11;","Wiek: 23->3.70;, Klasa: 2->1, Rodzice/Dzieci: 1->1.80, Rodzeństwo/Małżonkowie: 2->3.11;, Rodzice/Dzieci: 1->5, Płeć: mężczyzna->kobieta;, Wiek: 23->8.50;, Wiek: 23->8, Rodzeństwo/Małżonkowie: 2->1, Opłata: 11.50->36.75;, Rodzeństwo/Małżonkowie: 2->7, Klasa: 2->1;, Klasa: 2->3, Płeć: mężczyzna->kobieta, Rodzice/Dzieci: 1->0, Rodzeństwo/Małżonkowie: 2->0.85, Wiek: 23->30.54, Opłata: 11.50->0;, Wiek: 23->17.43;, Klasa: 2->1, Rodzice/Dzieci: 1->1.26, Rodzeństwo/Małżonkowie: 2->2.21, Wiek: 23->25.60, Opłata: 11.50->19.30;","3","2","4","2","1","5","4","2","4","2","4","4","2","1","4","2","2","2","3","3","1","2","2","4","2","4","19-26","Licencjat","AI / Machine Learning / Data Science",""
"VLXNPgl","rjOxbA5","2025-12-08 11:29:03","Tak","Tak","Tak","Tak, rzadko","Decyzje dotyczące diagnozy medycznej, Decyzje finansowe dotyczące pożyczek/kredytów, Zatrudnianie i rekrutacja, Decyzje prawne/sądowe, Badania naukowe","true","true","true","true","false","true","false","false","","2","4","1","5","5","4","2","5","1","4","4","5","5","5","1","5","5","5","4","4","1","4","4","5","1","5","4","5","2","4","1","2","3","5","Wiek: 56->17.50, Płeć: mężczyzna->kobieta;, Płeć: mężczyzna->kobieta, Wiek: 56->43.46, Opłata: 35.50->61.39;, Wiek: 56->64, Opłata: 35.50->27.72;, Opłata: 35.50->40.75, Rodzeństwo/Małżonkowie: 0->0.10, Wiek: 56->57.07;, Klasa: 1->3, Płeć: mężczyzna->kobieta, Wiek: 56->28.83, Opłata: 35.50->0, Rodzeństwo/Małżonkowie: 0->0.65;, Rodzeństwo/Małżonkowie: 0->1.11;, Rodzeństwo/Małżonkowie: 0->3, Klasa: 1->3;, Rodzeństwo/Małżonkowie: 0->5, Płeć: mężczyzna->kobieta;, Rodzeństwo/Małżonkowie: 0->5, Opłata: 35.50->250.89;","Klasa: 2->3, Płeć: mężczyzna->kobieta, Rodzice/Dzieci: 1->0, Rodzeństwo/Małżonkowie: 2->0.85, Wiek: 23->30.54, Opłata: 11.50->0;, Klasa: 2->1, Rodzice/Dzieci: 1->1.26, Rodzeństwo/Małżonkowie: 2->2.21, Wiek: 23->25.60, Opłata: 11.50->19.30;, Wiek: 23->17.43;, Klasa: 2->1, Rodzice/Dzieci: 1->1.80, Rodzeństwo/Małżonkowie: 2->3.11;, Wiek: 23->8.50;, Wiek: 23->8, Rodzeństwo/Małżonkowie: 2->1, Opłata: 11.50->36.75;, Wiek: 23->3.70;, Rodzice/Dzieci: 1->5, Płeć: mężczyzna->kobieta;, Rodzeństwo/Małżonkowie: 2->7, Klasa: 2->1;","3","1","4","2","1","5","5","2","5","2","3","5","1","1","4","3","2","4","2","3","1","1","3","5","1","4","19-26","Szkoła średnia","AI / Machine Learning / Data Science",""
"zx4dYNE","pbol6ay","2025-12-08 11:34:55","Nie","Tak","Nie","","","","","","","","","","","","2","5","1","5","3","3","2","5","1","4","3","5","5","5","1","5","5","5","4","4","1","4","4","4","1","5","4","4","4","4","1","4","5","5","Klasa: 1->3, Płeć: mężczyzna->kobieta, Wiek: 56->28.83, Opłata: 35.50->0, Rodzeństwo/Małżonkowie: 0->0.65;, Płeć: mężczyzna->kobieta, Wiek: 56->43.46, Opłata: 35.50->61.39;, Opłata: 35.50->40.75, Rodzeństwo/Małżonkowie: 0->0.10, Wiek: 56->57.07;, Wiek: 56->17.50, Płeć: mężczyzna->kobieta;, Wiek: 56->64, Opłata: 35.50->27.72;, Rodzeństwo/Małżonkowie: 0->5, Opłata: 35.50->250.89;, Rodzeństwo/Małżonkowie: 0->3, Klasa: 1->3;, Rodzeństwo/Małżonkowie: 0->5, Płeć: mężczyzna->kobieta;, Rodzeństwo/Małżonkowie: 0->1.11;","Klasa: 2->3, Płeć: mężczyzna->kobieta, Rodzice/Dzieci: 1->0, Rodzeństwo/Małżonkowie: 2->0.85, Wiek: 23->30.54, Opłata: 11.50->0;, Klasa: 2->1, Rodzice/Dzieci: 1->1.26, Rodzeństwo/Małżonkowie: 2->2.21, Wiek: 23->25.60, Opłata: 11.50->19.30;, Wiek: 23->8, Rodzeństwo/Małżonkowie: 2->1, Opłata: 11.50->36.75;, Rodzeństwo/Małżonkowie: 2->7, Klasa: 2->1;, Rodzice/Dzieci: 1->5, Płeć: mężczyzna->kobieta;, Klasa: 2->1, Rodzice/Dzieci: 1->1.80, Rodzeństwo/Małżonkowie: 2->3.11;, Wiek: 23->3.70;, Wiek: 23->8.50;, Wiek: 23->17.43;","4","1","4","1","1","5","5","1","5","1","4","4","1","1","4","1","3","4","3","4","1","1","4","4","1","4","19-26","Licencjat","Inżynieria",""
"lbXzlLo","aQ48MZ9","2025-12-08 12:19:09","Tak","Tak","Tak","Tak, rzadko","Decyzje dotyczące diagnozy medycznej, Rekomendacje produktów, Badania naukowe, Strategia biznesowa","true","false","false","false","true","true","true","false","","2","4","1","5","5","5","1","3","1","2","5","5","5","3","1","5","5","3","4","3","1","3","2","3","1","5","4","5","1","5","1","3","4","5","Wiek: 56->17.50, Płeć: mężczyzna->kobieta;, Rodzeństwo/Małżonkowie: 0->5, Opłata: 35.50->250.89;, Wiek: 56->64, Opłata: 35.50->27.72;, Płeć: mężczyzna->kobieta, Wiek: 56->43.46, Opłata: 35.50->61.39;, Opłata: 35.50->40.75, Rodzeństwo/Małżonkowie: 0->0.10, Wiek: 56->57.07;, Klasa: 1->3, Płeć: mężczyzna->kobieta, Wiek: 56->28.83, Opłata: 35.50->0, Rodzeństwo/Małżonkowie: 0->0.65;, Rodzeństwo/Małżonkowie: 0->5, Płeć: mężczyzna->kobieta;, Rodzeństwo/Małżonkowie: 0->1.11;, Rodzeństwo/Małżonkowie: 0->3, Klasa: 1->3;","Wiek: 23->17.43;, Klasa: 2->1, Rodzice/Dzieci: 1->1.80, Rodzeństwo/Małżonkowie: 2->3.11;, Wiek: 23->8, Rodzeństwo/Małżonkowie: 2->1, Opłata: 11.50->36.75;, Klasa: 2->1, Rodzice/Dzieci: 1->1.26, Rodzeństwo/Małżonkowie: 2->2.21, Wiek: 23->25.60, Opłata: 11.50->19.30;, Rodzeństwo/Małżonkowie: 2->7, Klasa: 2->1;, Rodzice/Dzieci: 1->5, Płeć: mężczyzna->kobieta;, Klasa: 2->3, Płeć: mężczyzna->kobieta, Rodzice/Dzieci: 1->0, Rodzeństwo/Małżonkowie: 2->0.85, Wiek: 23->30.54, Opłata: 11.50->0;, Wiek: 23->8.50;, Wiek: 23->3.70;","3","1","4","1","1","5","4","1","5","1","2","3","1","2","4","2","3","2","2","3","1","1","2","4","2","3","19-26","Szkoła średnia","AI / Machine Learning / Data Science",""
"VLXNv0M","D4pljpb","2025-12-08 12:33:10","Nie","Tak","Nie","","","","","","","","","","","","3","5","1","5","5","4","2","3","1","3","4","5","5","3","3","5","5","4","4","4","1","3","3","4","1","5","4","4","3","5","1","3","4","5","Płeć: mężczyzna->kobieta, Wiek: 56->43.46, Opłata: 35.50->61.39;, Rodzeństwo/Małżonkowie: 0->1.11;, Wiek: 56->17.50, Płeć: mężczyzna->kobieta;, Wiek: 56->64, Opłata: 35.50->27.72;, Klasa: 1->3, Płeć: mężczyzna->kobieta, Wiek: 56->28.83, Opłata: 35.50->0, Rodzeństwo/Małżonkowie: 0->0.65;, Rodzeństwo/Małżonkowie: 0->3, Klasa: 1->3;, Rodzeństwo/Małżonkowie: 0->5, Płeć: mężczyzna->kobieta;, Opłata: 35.50->40.75, Rodzeństwo/Małżonkowie: 0->0.10, Wiek: 56->57.07;, Rodzeństwo/Małżonkowie: 0->5, Opłata: 35.50->250.89;","Klasa: 2->1, Rodzice/Dzieci: 1->1.26, Rodzeństwo/Małżonkowie: 2->2.21, Wiek: 23->25.60, Opłata: 11.50->19.30;, Wiek: 23->8.50;, Rodzice/Dzieci: 1->5, Płeć: mężczyzna->kobieta;, Wiek: 23->3.70;, Wiek: 23->8, Rodzeństwo/Małżonkowie: 2->1, Opłata: 11.50->36.75;, Klasa: 2->3, Płeć: mężczyzna->kobieta, Rodzice/Dzieci: 1->0, Rodzeństwo/Małżonkowie: 2->0.85, Wiek: 23->30.54, Opłata: 11.50->0;, Wiek: 23->17.43;, Rodzeństwo/Małżonkowie: 2->7, Klasa: 2->1;, Klasa: 2->1, Rodzice/Dzieci: 1->1.80, Rodzeństwo/Małżonkowie: 2->3.11;","3","1","4","1","1","5","4","1","4","1","3","3","1","1","3","3","3","3","1","1","1","1","1","4","1","3","19-26","Szkoła średnia","Studia językowe",""
"9qP4rLQ","gDqRKg1","2025-12-08 12:58:56","Tak","Nie","Nie","","","","","","","","","","","","2","3","1","5","4","5","1","4","1","1","3","5","5","2","3","5","5","2","4","3","1","5","3","4","1","5","5","5","3","5","1","4","3","5","Klasa: 1->3, Płeć: mężczyzna->kobieta, Wiek: 56->28.83, Opłata: 35.50->0, Rodzeństwo/Małżonkowie: 0->0.65;, Płeć: mężczyzna->kobieta, Wiek: 56->43.46, Opłata: 35.50->61.39;, Rodzeństwo/Małżonkowie: 0->3, Klasa: 1->3;, Rodzeństwo/Małżonkowie: 0->5, Opłata: 35.50->250.89;, Rodzeństwo/Małżonkowie: 0->1.11;, Opłata: 35.50->40.75, Rodzeństwo/Małżonkowie: 0->0.10, Wiek: 56->57.07;, Wiek: 56->64, Opłata: 35.50->27.72;, Rodzeństwo/Małżonkowie: 0->5, Płeć: mężczyzna->kobieta;, Wiek: 56->17.50, Płeć: mężczyzna->kobieta;","Rodzeństwo/Małżonkowie: 2->7, Klasa: 2->1;, Rodzice/Dzieci: 1->5, Płeć: mężczyzna->kobieta;, Wiek: 23->17.43;, Wiek: 23->8, Rodzeństwo/Małżonkowie: 2->1, Opłata: 11.50->36.75;, Wiek: 23->8.50;, Klasa: 2->3, Płeć: mężczyzna->kobieta, Rodzice/Dzieci: 1->0, Rodzeństwo/Małżonkowie: 2->0.85, Wiek: 23->30.54, Opłata: 11.50->0;, Klasa: 2->1, Rodzice/Dzieci: 1->1.26, Rodzeństwo/Małżonkowie: 2->2.21, Wiek: 23->25.60, Opłata: 11.50->19.30;, Wiek: 23->3.70;, Klasa: 2->1, Rodzice/Dzieci: 1->1.80, Rodzeństwo/Małżonkowie: 2->3.11;","3","1","4","1","1","5","4","2","4","3","3","5","1","1","3","1","3","3","1","1","1","1","2","4","1","1","19-26","Szkoła średnia","Opieka zdrowotna / Medycyna",""
"Y5X92Ev","9qZLZOE","2025-12-08 14:01:45","Nie","Tak","Nie","","","","","","","","","","","","3","3","1","5","4","3","1","5","1","3","4","5","5","4","2","5","5","4","5","4","1","5","4","5","1","5","5","5","3","5","1","5","2","5","Wiek: 56->64, Opłata: 35.50->27.72;, Płeć: mężczyzna->kobieta, Wiek: 56->43.46, Opłata: 35.50->61.39;, Rodzeństwo/Małżonkowie: 0->5, Opłata: 35.50->250.89;, Rodzeństwo/Małżonkowie: 0->5, Płeć: mężczyzna->kobieta;, Rodzeństwo/Małżonkowie: 0->1.11;, Klasa: 1->3, Płeć: mężczyzna->kobieta, Wiek: 56->28.83, Opłata: 35.50->0, Rodzeństwo/Małżonkowie: 0->0.65;, Rodzeństwo/Małżonkowie: 0->3, Klasa: 1->3;, Opłata: 35.50->40.75, Rodzeństwo/Małżonkowie: 0->0.10, Wiek: 56->57.07;, Wiek: 56->17.50, Płeć: mężczyzna->kobieta;","Wiek: 23->8.50;, Klasa: 2->1, Rodzice/Dzieci: 1->1.26, Rodzeństwo/Małżonkowie: 2->2.21, Wiek: 23->25.60, Opłata: 11.50->19.30;, Wiek: 23->8, Rodzeństwo/Małżonkowie: 2->1, Opłata: 11.50->36.75;, Klasa: 2->1, Rodzice/Dzieci: 1->1.80, Rodzeństwo/Małżonkowie: 2->3.11;, Rodzice/Dzieci: 1->5, Płeć: mężczyzna->kobieta;, Rodzeństwo/Małżonkowie: 2->7, Klasa: 2->1;, Wiek: 23->17.43;, Wiek: 23->3.70;, Klasa: 2->3, Płeć: mężczyzna->kobieta, Rodzice/Dzieci: 1->0, Rodzeństwo/Małżonkowie: 2->0.85, Wiek: 23->30.54, Opłata: 11.50->0;","3","1","4","1","1","5","5","1","5","1","1","5","2","1","3","5","2","2","1","1","1","1","1","4","1","2","19-26","Szkoła średnia","Nauki przyrodnicze",""
"MelGDd0","b5eBlyo","2025-12-08 14:40:49","Nie","Tak","Nie","","","","","","","","","","","","1","4","1","5","4","3","2","4","1","3","4","5","5","4","2","5","5","3","5","2","1","3","4","4","1","5","4","4","3","5","1","1","4","5","Rodzeństwo/Małżonkowie: 0->5, Opłata: 35.50->250.89;, Rodzeństwo/Małżonkowie: 0->5, Płeć: mężczyzna->kobieta;, Rodzeństwo/Małżonkowie: 0->1.11;, Rodzeństwo/Małżonkowie: 0->3, Klasa: 1->3;, Płeć: mężczyzna->kobieta, Wiek: 56->43.46, Opłata: 35.50->61.39;, Wiek: 56->17.50, Płeć: mężczyzna->kobieta;, Opłata: 35.50->40.75, Rodzeństwo/Małżonkowie: 0->0.10, Wiek: 56->57.07;, Wiek: 56->64, Opłata: 35.50->27.72;, Klasa: 1->3, Płeć: mężczyzna->kobieta, Wiek: 56->28.83, Opłata: 35.50->0, Rodzeństwo/Małżonkowie: 0->0.65;","Rodzeństwo/Małżonkowie: 2->7, Klasa: 2->1;, Klasa: 2->1, Rodzice/Dzieci: 1->1.26, Rodzeństwo/Małżonkowie: 2->2.21, Wiek: 23->25.60, Opłata: 11.50->19.30;, Klasa: 2->1, Rodzice/Dzieci: 1->1.80, Rodzeństwo/Małżonkowie: 2->3.11;, Rodzice/Dzieci: 1->5, Płeć: mężczyzna->kobieta;, Wiek: 23->17.43;, Wiek: 23->8.50;, Wiek: 23->8, Rodzeństwo/Małżonkowie: 2->1, Opłata: 11.50->36.75;, Wiek: 23->3.70;, Klasa: 2->3, Płeć: mężczyzna->kobieta, Rodzice/Dzieci: 1->0, Rodzeństwo/Małżonkowie: 2->0.85, Wiek: 23->30.54, Opłata: 11.50->0;","3","1","4","1","1","5","4","1","4","1","4","4","1","1","4","1","3","1","3","4","1","1","3","4","1","3","27-45","Licencjat","Informatyka / Inżynieria oprogramowania",""
"81VELLo","Pd9MEZ5","2025-12-08 14:49:04","Tak","Tak","Tak","Nie","Decyzje finansowe dotyczące pożyczek/kredytów, Strategia biznesowa, Badania naukowe","false","true","false","false","false","true","true","false","","1","3","1","5","4","4","1","4","1","2","4","4","5","1","1","5","5","1","3","1","1","2","3","4","1","5","4","4","2","4","1","3","4","4","Płeć: mężczyzna->kobieta, Wiek: 56->43.46, Opłata: 35.50->61.39;, Wiek: 56->17.50, Płeć: mężczyzna->kobieta;, Klasa: 1->3, Płeć: mężczyzna->kobieta, Wiek: 56->28.83, Opłata: 35.50->0, Rodzeństwo/Małżonkowie: 0->0.65;, Rodzeństwo/Małżonkowie: 0->5, Płeć: mężczyzna->kobieta;, Wiek: 56->64, Opłata: 35.50->27.72;, Rodzeństwo/Małżonkowie: 0->1.11;, Rodzeństwo/Małżonkowie: 0->5, Opłata: 35.50->250.89;, Rodzeństwo/Małżonkowie: 0->3, Klasa: 1->3;, Opłata: 35.50->40.75, Rodzeństwo/Małżonkowie: 0->0.10, Wiek: 56->57.07;","Rodzice/Dzieci: 1->5, Płeć: mężczyzna->kobieta;, Wiek: 23->3.70;, Wiek: 23->8.50;, Wiek: 23->8, Rodzeństwo/Małżonkowie: 2->1, Opłata: 11.50->36.75;, Klasa: 2->3, Płeć: mężczyzna->kobieta, Rodzice/Dzieci: 1->0, Rodzeństwo/Małżonkowie: 2->0.85, Wiek: 23->30.54, Opłata: 11.50->0;, Klasa: 2->1, Rodzice/Dzieci: 1->1.26, Rodzeństwo/Małżonkowie: 2->2.21, Wiek: 23->25.60, Opłata: 11.50->19.30;, Klasa: 2->1, Rodzice/Dzieci: 1->1.80, Rodzeństwo/Małżonkowie: 2->3.11;, Rodzeństwo/Małżonkowie: 2->7, Klasa: 2->1;, Wiek: 23->17.43;","2","1","4","1","1","5","4","1","4","1","2","4","1","1","3","1","2","2","1","1","1","1","1","2","1","1","27-45","Tytuł magistra","Informatyka / Inżynieria oprogramowania",""
"44RGDOo","q4Gxekg","2025-12-08 16:52:15","Tak","Tak","Tak","Tak, często","Decyzje dotyczące diagnozy medycznej, Rekomendacje produktów","true","false","false","false","true","false","false","false","","3","5","1","5","4","5","1","4","1","3","4","5","5","3","2","5","4","4","5","4","1","3","5","4","1","5","5","5","4","5","1","3","3","5","Rodzeństwo/Małżonkowie: 0->1.11;, Rodzeństwo/Małżonkowie: 0->3, Klasa: 1->3;, Rodzeństwo/Małżonkowie: 0->5, Opłata: 35.50->250.89;, Opłata: 35.50->40.75, Rodzeństwo/Małżonkowie: 0->0.10, Wiek: 56->57.07;, Wiek: 56->64, Opłata: 35.50->27.72;, Rodzeństwo/Małżonkowie: 0->5, Płeć: mężczyzna->kobieta;, Płeć: mężczyzna->kobieta, Wiek: 56->43.46, Opłata: 35.50->61.39;, Klasa: 1->3, Płeć: mężczyzna->kobieta, Wiek: 56->28.83, Opłata: 35.50->0, Rodzeństwo/Małżonkowie: 0->0.65;, Wiek: 56->17.50, Płeć: mężczyzna->kobieta;","Rodzeństwo/Małżonkowie: 2->7, Klasa: 2->1;, Klasa: 2->1, Rodzice/Dzieci: 1->1.80, Rodzeństwo/Małżonkowie: 2->3.11;, Wiek: 23->17.43;, Klasa: 2->1, Rodzice/Dzieci: 1->1.26, Rodzeństwo/Małżonkowie: 2->2.21, Wiek: 23->25.60, Opłata: 11.50->19.30;, Wiek: 23->8.50;, Wiek: 23->3.70;, Wiek: 23->8, Rodzeństwo/Małżonkowie: 2->1, Opłata: 11.50->36.75;, Rodzice/Dzieci: 1->5, Płeć: mężczyzna->kobieta;, Klasa: 2->3, Płeć: mężczyzna->kobieta, Rodzice/Dzieci: 1->0, Rodzeństwo/Małżonkowie: 2->0.85, Wiek: 23->30.54, Opłata: 11.50->0;","3","2","4","1","3","5","4","1","4","1","4","3","1","1","4","2","3","2","2","2","1","2","2","3","1","3","27-45","Tytuł magistra","AI / Machine Learning / Data Science",""
"2EzVXde","5B96RKo","2025-12-08 18:28:15","Tak","Tak","Nie","","","","","","","","","","","","3","3","1","5","4","3","1","5","1","2","4","4","5","3","1","5","5","4","5","3","1","4","3","4","1","5","3","4","1","3","1","3","3","4","Rodzeństwo/Małżonkowie: 0->1.11;, Rodzeństwo/Małżonkowie: 0->5, Płeć: mężczyzna->kobieta;, Wiek: 56->64, Opłata: 35.50->27.72;, Rodzeństwo/Małżonkowie: 0->3, Klasa: 1->3;, Rodzeństwo/Małżonkowie: 0->5, Opłata: 35.50->250.89;, Klasa: 1->3, Płeć: mężczyzna->kobieta, Wiek: 56->28.83, Opłata: 35.50->0, Rodzeństwo/Małżonkowie: 0->0.65;, Opłata: 35.50->40.75, Rodzeństwo/Małżonkowie: 0->0.10, Wiek: 56->57.07;, Płeć: mężczyzna->kobieta, Wiek: 56->43.46, Opłata: 35.50->61.39;, Wiek: 56->17.50, Płeć: mężczyzna->kobieta;","Klasa: 2->3, Płeć: mężczyzna->kobieta, Rodzice/Dzieci: 1->0, Rodzeństwo/Małżonkowie: 2->0.85, Wiek: 23->30.54, Opłata: 11.50->0;, Klasa: 2->1, Rodzice/Dzieci: 1->1.26, Rodzeństwo/Małżonkowie: 2->2.21, Wiek: 23->25.60, Opłata: 11.50->19.30;, Klasa: 2->1, Rodzice/Dzieci: 1->1.80, Rodzeństwo/Małżonkowie: 2->3.11;, Rodzice/Dzieci: 1->5, Płeć: mężczyzna->kobieta;, Wiek: 23->8, Rodzeństwo/Małżonkowie: 2->1, Opłata: 11.50->36.75;, Wiek: 23->17.43;, Wiek: 23->3.70;, Wiek: 23->8.50;, Rodzeństwo/Małżonkowie: 2->7, Klasa: 2->1;","4","1","5","1","1","5","5","1","4","1","4","2","1","1","4","1","2","4","1","1","1","1","1","4","1","4","19-26","Szkoła średnia","Inżynieria",""
"q4XgGLg","ZjO4qQe","2025-12-08 18:43:19","Tak","Nie","Nie","","","","","","","","","","","","2","1","2","5","4","1","2","2","1","2","4","5","5","4","2","5","5","3","4","2","1","5","2","5","1","5","4","4","2","2","1","1","3","5","Rodzeństwo/Małżonkowie: 0->1.11;, Rodzeństwo/Małżonkowie: 0->5, Płeć: mężczyzna->kobieta;, Rodzeństwo/Małżonkowie: 0->3, Klasa: 1->3;, Rodzeństwo/Małżonkowie: 0->5, Opłata: 35.50->250.89;, Opłata: 35.50->40.75, Rodzeństwo/Małżonkowie: 0->0.10, Wiek: 56->57.07;, Płeć: mężczyzna->kobieta, Wiek: 56->43.46, Opłata: 35.50->61.39;, Wiek: 56->17.50, Płeć: mężczyzna->kobieta;, Klasa: 1->3, Płeć: mężczyzna->kobieta, Wiek: 56->28.83, Opłata: 35.50->0, Rodzeństwo/Małżonkowie: 0->0.65;, Wiek: 56->64, Opłata: 35.50->27.72;","Wiek: 23->17.43;, Wiek: 23->8.50;, Wiek: 23->3.70;, Klasa: 2->1, Rodzice/Dzieci: 1->1.80, Rodzeństwo/Małżonkowie: 2->3.11;, Klasa: 2->1, Rodzice/Dzieci: 1->1.26, Rodzeństwo/Małżonkowie: 2->2.21, Wiek: 23->25.60, Opłata: 11.50->19.30;, Klasa: 2->3, Płeć: mężczyzna->kobieta, Rodzice/Dzieci: 1->0, Rodzeństwo/Małżonkowie: 2->0.85, Wiek: 23->30.54, Opłata: 11.50->0;, Wiek: 23->8, Rodzeństwo/Małżonkowie: 2->1, Opłata: 11.50->36.75;, Rodzice/Dzieci: 1->5, Płeć: mężczyzna->kobieta;, Rodzeństwo/Małżonkowie: 2->7, Klasa: 2->1;","2","2","3","1","2","5","4","1","4","1","3","1","1","2","3","1","3","2","1","2","1","1","2","3","1","4","19-26","Licencjat","Sztuka / Media / Projektowanie",""
"Xxd9WGV","dW0LLoD","2025-12-08 19:03:36","Tak","Tak","Nie","","","","","","","","","","","","2","1","1","5","3","2","1","5","1","5","3","5","4","5","1","5","5","5","4","5","1","3","2","5","1","5","3","4","1","4","1","1","2","5","Rodzeństwo/Małżonkowie: 0->5, Opłata: 35.50->250.89;, Rodzeństwo/Małżonkowie: 0->5, Płeć: mężczyzna->kobieta;, Rodzeństwo/Małżonkowie: 0->3, Klasa: 1->3;, Rodzeństwo/Małżonkowie: 0->1.11;, Klasa: 1->3, Płeć: mężczyzna->kobieta, Wiek: 56->28.83, Opłata: 35.50->0, Rodzeństwo/Małżonkowie: 0->0.65;, Opłata: 35.50->40.75, Rodzeństwo/Małżonkowie: 0->0.10, Wiek: 56->57.07;, Płeć: mężczyzna->kobieta, Wiek: 56->43.46, Opłata: 35.50->61.39;, Wiek: 56->64, Opłata: 35.50->27.72;, Wiek: 56->17.50, Płeć: mężczyzna->kobieta;","Rodzeństwo/Małżonkowie: 2->7, Klasa: 2->1;, Klasa: 2->1, Rodzice/Dzieci: 1->1.80, Rodzeństwo/Małżonkowie: 2->3.11;, Wiek: 23->8.50;, Klasa: 2->1, Rodzice/Dzieci: 1->1.26, Rodzeństwo/Małżonkowie: 2->2.21, Wiek: 23->25.60, Opłata: 11.50->19.30;, Wiek: 23->17.43;, Wiek: 23->8, Rodzeństwo/Małżonkowie: 2->1, Opłata: 11.50->36.75;, Rodzice/Dzieci: 1->5, Płeć: mężczyzna->kobieta;, Klasa: 2->3, Płeć: mężczyzna->kobieta, Rodzice/Dzieci: 1->0, Rodzeństwo/Małżonkowie: 2->0.85, Wiek: 23->30.54, Opłata: 11.50->0;, Wiek: 23->3.70;","2","1","2","1","2","4","4","1","4","1","4","3","1","1","4","1","3","3","2","2","1","1","3","5","3","3","19-26","Szkoła średnia","Informatyka / Inżynieria oprogramowania",""
"dWXgP8d","44KXazd","2025-12-08 19:29:43","Tak","Nie","Nie","","","","","","","","","","","","1","3","1","4","4","1","1","4","1","1","3","4","4","1","1","4","4","2","3","2","1","1","3","2","1","4","3","4","1","3","1","2","1","4","Rodzeństwo/Małżonkowie: 0->5, Opłata: 35.50->250.89;, Rodzeństwo/Małżonkowie: 0->1.11;, Klasa: 1->3, Płeć: mężczyzna->kobieta, Wiek: 56->28.83, Opłata: 35.50->0, Rodzeństwo/Małżonkowie: 0->0.65;, Opłata: 35.50->40.75, Rodzeństwo/Małżonkowie: 0->0.10, Wiek: 56->57.07;, Rodzeństwo/Małżonkowie: 0->3, Klasa: 1->3;, Wiek: 56->64, Opłata: 35.50->27.72;, Rodzeństwo/Małżonkowie: 0->5, Płeć: mężczyzna->kobieta;, Wiek: 56->17.50, Płeć: mężczyzna->kobieta;, Płeć: mężczyzna->kobieta, Wiek: 56->43.46, Opłata: 35.50->61.39;","Wiek: 23->8.50;, Wiek: 23->3.70;, Klasa: 2->1, Rodzice/Dzieci: 1->1.80, Rodzeństwo/Małżonkowie: 2->3.11;, Klasa: 2->1, Rodzice/Dzieci: 1->1.26, Rodzeństwo/Małżonkowie: 2->2.21, Wiek: 23->25.60, Opłata: 11.50->19.30;, Klasa: 2->3, Płeć: mężczyzna->kobieta, Rodzice/Dzieci: 1->0, Rodzeństwo/Małżonkowie: 2->0.85, Wiek: 23->30.54, Opłata: 11.50->0;, Rodzeństwo/Małżonkowie: 2->7, Klasa: 2->1;, Wiek: 23->17.43;, Wiek: 23->8, Rodzeństwo/Małżonkowie: 2->1, Opłata: 11.50->36.75;, Rodzice/Dzieci: 1->5, Płeć: mężczyzna->kobieta;","2","3","2","1","1","5","4","1","3","1","4","4","2","1","4","1","2","3","1","2","2","1","1","3","1","3","<19","Szkoła średnia","Inżynieria",""
"D49bJdE","2EK8BrM","2025-12-08 19:47:18","Tak","Tak","Nie","","","","","","","","","","","","4","5","1","5","5","5","1","5","1","4","5","5","5","3","1","5","5","4","4","3","1","4","5","4","1","5","4","3","2","3","1","4","3","4","Rodzeństwo/Małżonkowie: 0->5, Opłata: 35.50->250.89;, Klasa: 1->3, Płeć: mężczyzna->kobieta, Wiek: 56->28.83, Opłata: 35.50->0, Rodzeństwo/Małżonkowie: 0->0.65;, Rodzeństwo/Małżonkowie: 0->5, Płeć: mężczyzna->kobieta;, Wiek: 56->64, Opłata: 35.50->27.72;, Wiek: 56->17.50, Płeć: mężczyzna->kobieta;, Płeć: mężczyzna->kobieta, Wiek: 56->43.46, Opłata: 35.50->61.39;, Rodzeństwo/Małżonkowie: 0->1.11;, Opłata: 35.50->40.75, Rodzeństwo/Małżonkowie: 0->0.10, Wiek: 56->57.07;, Rodzeństwo/Małżonkowie: 0->3, Klasa: 1->3;","Wiek: 23->8, Rodzeństwo/Małżonkowie: 2->1, Opłata: 11.50->36.75;, Klasa: 2->3, Płeć: mężczyzna->kobieta, Rodzice/Dzieci: 1->0, Rodzeństwo/Małżonkowie: 2->0.85, Wiek: 23->30.54, Opłata: 11.50->0;, Rodzeństwo/Małżonkowie: 2->7, Klasa: 2->1;, Klasa: 2->1, Rodzice/Dzieci: 1->1.26, Rodzeństwo/Małżonkowie: 2->2.21, Wiek: 23->25.60, Opłata: 11.50->19.30;, Wiek: 23->17.43;, Wiek: 23->8.50;, Wiek: 23->3.70;, Rodzice/Dzieci: 1->5, Płeć: mężczyzna->kobieta;, Klasa: 2->1, Rodzice/Dzieci: 1->1.80, Rodzeństwo/Małżonkowie: 2->3.11;","3","1","4","1","1","5","5","1","5","1","5","2","1","1","5","1","2","3","2","2","1","1","2","4","1","2","19-26","Szkoła średnia","Inżynieria",""
"5BorVLE","RGDK5el","2025-12-08 20:40:57","Nie","Tak","Nie","","","","","","","","","","","","3","3","1","5","5","4","2","4","1","1","3","4","5","2","1","5","5","2","3","3","1","2","3","4","1","5","3","4","1","3","1","1","4","4","Klasa: 1->3, Płeć: mężczyzna->kobieta, Wiek: 56->28.83, Opłata: 35.50->0, Rodzeństwo/Małżonkowie: 0->0.65;, Rodzeństwo/Małżonkowie: 0->3, Klasa: 1->3;, Rodzeństwo/Małżonkowie: 0->5, Opłata: 35.50->250.89;, Rodzeństwo/Małżonkowie: 0->5, Płeć: mężczyzna->kobieta;, Rodzeństwo/Małżonkowie: 0->1.11;, Wiek: 56->64, Opłata: 35.50->27.72;, Wiek: 56->17.50, Płeć: mężczyzna->kobieta;, Płeć: mężczyzna->kobieta, Wiek: 56->43.46, Opłata: 35.50->61.39;, Opłata: 35.50->40.75, Rodzeństwo/Małżonkowie: 0->0.10, Wiek: 56->57.07;","Klasa: 2->3, Płeć: mężczyzna->kobieta, Rodzice/Dzieci: 1->0, Rodzeństwo/Małżonkowie: 2->0.85, Wiek: 23->30.54, Opłata: 11.50->0;, Klasa: 2->1, Rodzice/Dzieci: 1->1.26, Rodzeństwo/Małżonkowie: 2->2.21, Wiek: 23->25.60, Opłata: 11.50->19.30;, Klasa: 2->1, Rodzice/Dzieci: 1->1.80, Rodzeństwo/Małżonkowie: 2->3.11;, Rodzice/Dzieci: 1->5, Płeć: mężczyzna->kobieta;, Rodzeństwo/Małżonkowie: 2->7, Klasa: 2->1;, Wiek: 23->8, Rodzeństwo/Małżonkowie: 2->1, Opłata: 11.50->36.75;, Wiek: 23->17.43;, Wiek: 23->8.50;, Wiek: 23->3.70;","3","1","3","1","1","5","4","1","4","1","4","2","1","1","2","2","2","1","2","1","1","1","1","5","1","3","<19","Szkoła średnia","Uczeń szkolny",""
"jaXgzGx","OD715Np","2025-12-08 20:41:40","Nie","Tak","Tak","Tak, często","Rekomendacje produktów, Badania naukowe","false","false","false","false","true","true","false","false","Automatyka (np. autonomiczne pojazdy)","3","2","1","4","4","3","2","4","1","1","5","4","5","4","1","5","5","4","3","3","1","1","2","4","1","5","3","4","1","5","1","1","4","5","Rodzeństwo/Małżonkowie: 0->5, Opłata: 35.50->250.89;, Wiek: 56->17.50, Płeć: mężczyzna->kobieta;, Płeć: mężczyzna->kobieta, Wiek: 56->43.46, Opłata: 35.50->61.39;, Rodzeństwo/Małżonkowie: 0->1.11;, Klasa: 1->3, Płeć: mężczyzna->kobieta, Wiek: 56->28.83, Opłata: 35.50->0, Rodzeństwo/Małżonkowie: 0->0.65;, Rodzeństwo/Małżonkowie: 0->5, Płeć: mężczyzna->kobieta;, Rodzeństwo/Małżonkowie: 0->3, Klasa: 1->3;, Opłata: 35.50->40.75, Rodzeństwo/Małżonkowie: 0->0.10, Wiek: 56->57.07;, Wiek: 56->64, Opłata: 35.50->27.72;","Klasa: 2->1, Rodzice/Dzieci: 1->1.26, Rodzeństwo/Małżonkowie: 2->2.21, Wiek: 23->25.60, Opłata: 11.50->19.30;, Klasa: 2->1, Rodzice/Dzieci: 1->1.80, Rodzeństwo/Małżonkowie: 2->3.11;, Rodzice/Dzieci: 1->5, Płeć: mężczyzna->kobieta;, Rodzeństwo/Małżonkowie: 2->7, Klasa: 2->1;, Klasa: 2->3, Płeć: mężczyzna->kobieta, Rodzice/Dzieci: 1->0, Rodzeństwo/Małżonkowie: 2->0.85, Wiek: 23->30.54, Opłata: 11.50->0;, Wiek: 23->8, Rodzeństwo/Małżonkowie: 2->1, Opłata: 11.50->36.75;, Wiek: 23->8.50;, Wiek: 23->17.43;, Wiek: 23->3.70;","3","1","4","1","1","5","4","1","4","1","1","3","1","1","3","1","2","1","3","1","1","1","1","4","1","3","19-26","Szkoła średnia","Inżynieria",""
"zx4gd6M","5BZKz4Z","2025-12-08 20:44:22","Nie","Nie","Nie","","","","","","","","","","","","3","5","1","5","5","5","2","5","1","3","5","5","5","4","1","5","5","4","4","4","1","4","4","5","1","5","4","5","1","5","1","4","3","4","Wiek: 56->17.50, Płeć: mężczyzna->kobieta;, Klasa: 1->3, Płeć: mężczyzna->kobieta, Wiek: 56->28.83, Opłata: 35.50->0, Rodzeństwo/Małżonkowie: 0->0.65;, Płeć: mężczyzna->kobieta, Wiek: 56->43.46, Opłata: 35.50->61.39;, Rodzeństwo/Małżonkowie: 0->5, Płeć: mężczyzna->kobieta;, Rodzeństwo/Małżonkowie: 0->5, Opłata: 35.50->250.89;, Rodzeństwo/Małżonkowie: 0->3, Klasa: 1->3;, Wiek: 56->64, Opłata: 35.50->27.72;, Rodzeństwo/Małżonkowie: 0->1.11;, Opłata: 35.50->40.75, Rodzeństwo/Małżonkowie: 0->0.10, Wiek: 56->57.07;","Wiek: 23->3.70;, Wiek: 23->8.50;, Wiek: 23->8, Rodzeństwo/Małżonkowie: 2->1, Opłata: 11.50->36.75;, Rodzice/Dzieci: 1->5, Płeć: mężczyzna->kobieta;, Wiek: 23->17.43;, Klasa: 2->3, Płeć: mężczyzna->kobieta, Rodzice/Dzieci: 1->0, Rodzeństwo/Małżonkowie: 2->0.85, Wiek: 23->30.54, Opłata: 11.50->0;, Klasa: 2->1, Rodzice/Dzieci: 1->1.80, Rodzeństwo/Małżonkowie: 2->3.11;, Klasa: 2->1, Rodzice/Dzieci: 1->1.26, Rodzeństwo/Małżonkowie: 2->2.21, Wiek: 23->25.60, Opłata: 11.50->19.30;, Rodzeństwo/Małżonkowie: 2->7, Klasa: 2->1;","3","1","4","1","1","5","4","1","4","1","3","4","1","1","3","3","2","4","2","2","1","1","2","5","1","3","<19","Szkoła średnia","Uczeń szkolny",""
"RG122W9","jalDy1R","2025-12-08 20:53:04","Tak","Tak","Tak","Tak, rzadko","Decyzje prawne/sądowe, Decyzje dotyczące diagnozy medycznej","true","false","false","true","false","false","false","false","","2","3","1","5","4","3","1","2","1","1","4","4","5","3","1","5","5","2","3","4","1","4","2","5","1","5","4","4","2","4","2","4","2","5","Klasa: 1->3, Płeć: mężczyzna->kobieta, Wiek: 56->28.83, Opłata: 35.50->0, Rodzeństwo/Małżonkowie: 0->0.65;, Płeć: mężczyzna->kobieta, Wiek: 56->43.46, Opłata: 35.50->61.39;, Opłata: 35.50->40.75, Rodzeństwo/Małżonkowie: 0->0.10, Wiek: 56->57.07;, Wiek: 56->17.50, Płeć: mężczyzna->kobieta;, Rodzeństwo/Małżonkowie: 0->5, Płeć: mężczyzna->kobieta;, Rodzeństwo/Małżonkowie: 0->5, Opłata: 35.50->250.89;, Rodzeństwo/Małżonkowie: 0->3, Klasa: 1->3;, Wiek: 56->64, Opłata: 35.50->27.72;, Rodzeństwo/Małżonkowie: 0->1.11;","Klasa: 2->1, Rodzice/Dzieci: 1->1.80, Rodzeństwo/Małżonkowie: 2->3.11;, Klasa: 2->3, Płeć: mężczyzna->kobieta, Rodzice/Dzieci: 1->0, Rodzeństwo/Małżonkowie: 2->0.85, Wiek: 23->30.54, Opłata: 11.50->0;, Klasa: 2->1, Rodzice/Dzieci: 1->1.26, Rodzeństwo/Małżonkowie: 2->2.21, Wiek: 23->25.60, Opłata: 11.50->19.30;, Wiek: 23->8, Rodzeństwo/Małżonkowie: 2->1, Opłata: 11.50->36.75;, Wiek: 23->8.50;, Rodzeństwo/Małżonkowie: 2->7, Klasa: 2->1;, Rodzice/Dzieci: 1->5, Płeć: mężczyzna->kobieta;, Wiek: 23->17.43;, Wiek: 23->3.70;","4","2","2","1","1","5","4","1","4","1","3","3","1","1","4","1","3","2","2","2","1","1","2","4","1","1","19-26","Szkoła średnia","AI / Machine Learning / Data Science",""
"5Bor5jQ","lb6DALo","2025-12-08 21:06:58","Tak","Tak","Tak","Tak, rzadko","Badania naukowe, Strategia biznesowa, Decyzje dotyczące diagnozy medycznej","true","false","false","false","false","true","true","false","","3","3","1","5","4","3","2","4","1","2","4","4","5","2","1","4","5","3","2","3","1","2","3","3","1","5","4","4","2","3","1","2","2","4","Wiek: 56->17.50, Płeć: mężczyzna->kobieta;, Rodzeństwo/Małżonkowie: 0->5, Płeć: mężczyzna->kobieta;, Płeć: mężczyzna->kobieta, Wiek: 56->43.46, Opłata: 35.50->61.39;, Klasa: 1->3, Płeć: mężczyzna->kobieta, Wiek: 56->28.83, Opłata: 35.50->0, Rodzeństwo/Małżonkowie: 0->0.65;, Rodzeństwo/Małżonkowie: 0->5, Opłata: 35.50->250.89;, Wiek: 56->64, Opłata: 35.50->27.72;, Rodzeństwo/Małżonkowie: 0->1.11;, Rodzeństwo/Małżonkowie: 0->3, Klasa: 1->3;, Opłata: 35.50->40.75, Rodzeństwo/Małżonkowie: 0->0.10, Wiek: 56->57.07;","Wiek: 23->3.70;, Rodzice/Dzieci: 1->5, Płeć: mężczyzna->kobieta;, Wiek: 23->8.50;, Klasa: 2->3, Płeć: mężczyzna->kobieta, Rodzice/Dzieci: 1->0, Rodzeństwo/Małżonkowie: 2->0.85, Wiek: 23->30.54, Opłata: 11.50->0;, Wiek: 23->8, Rodzeństwo/Małżonkowie: 2->1, Opłata: 11.50->36.75;, Klasa: 2->1, Rodzice/Dzieci: 1->1.80, Rodzeństwo/Małżonkowie: 2->3.11;, Rodzeństwo/Małżonkowie: 2->7, Klasa: 2->1;, Wiek: 23->17.43;, Klasa: 2->1, Rodzice/Dzieci: 1->1.26, Rodzeństwo/Małżonkowie: 2->2.21, Wiek: 23->25.60, Opłata: 11.50->19.30;","2","1","3","1","1","5","4","1","4","1","3","3","1","1","4","1","1","4","2","1","1","1","2","3","1","3","19-26","Szkoła średnia","Inżynieria",""
"Xxd9dkL","0QerLgj","2025-12-08 21:30:53","Tak","Tak","Tak","Nie","Strategia biznesowa, Badania naukowe, Zatrudnianie i rekrutacja","false","false","true","false","false","true","true","false","","3","4","1","5","4","4","2","3","1","3","5","5","5","3","1","5","5","3","4","3","1","3","4","5","1","5","4","4","2","4","1","2","5","5","Wiek: 56->64, Opłata: 35.50->27.72;, Wiek: 56->17.50, Płeć: mężczyzna->kobieta;, Rodzeństwo/Małżonkowie: 0->5, Opłata: 35.50->250.89;, Klasa: 1->3, Płeć: mężczyzna->kobieta, Wiek: 56->28.83, Opłata: 35.50->0, Rodzeństwo/Małżonkowie: 0->0.65;, Rodzeństwo/Małżonkowie: 0->5, Płeć: mężczyzna->kobieta;, Rodzeństwo/Małżonkowie: 0->3, Klasa: 1->3;, Płeć: mężczyzna->kobieta, Wiek: 56->43.46, Opłata: 35.50->61.39;, Rodzeństwo/Małżonkowie: 0->1.11;, Opłata: 35.50->40.75, Rodzeństwo/Małżonkowie: 0->0.10, Wiek: 56->57.07;","Wiek: 23->3.70;, Wiek: 23->8.50;, Wiek: 23->8, Rodzeństwo/Małżonkowie: 2->1, Opłata: 11.50->36.75;, Klasa: 2->3, Płeć: mężczyzna->kobieta, Rodzice/Dzieci: 1->0, Rodzeństwo/Małżonkowie: 2->0.85, Wiek: 23->30.54, Opłata: 11.50->0;, Rodzice/Dzieci: 1->5, Płeć: mężczyzna->kobieta;, Klasa: 2->1, Rodzice/Dzieci: 1->1.26, Rodzeństwo/Małżonkowie: 2->2.21, Wiek: 23->25.60, Opłata: 11.50->19.30;, Wiek: 23->17.43;, Rodzeństwo/Małżonkowie: 2->7, Klasa: 2->1;, Klasa: 2->1, Rodzice/Dzieci: 1->1.80, Rodzeństwo/Małżonkowie: 2->3.11;","3","2","4","1","3","5","4","1","4","1","3","4","1","1","4","2","3","4","3","3","1","1","2","5","1","3","19-26","Szkoła średnia","Informatyka / Inżynieria oprogramowania",""
"Y5XebN5","PdzjYr0","2025-12-08 21:39:43","Tak","Tak","Nie","","","","","","","","","","","","2","1","1","5","4","3","2","3","1","1","3","4","3","3","2","5","5","1","5","3","1","4","3","4","1","5","4","4","2","4","2","3","4","4","Rodzeństwo/Małżonkowie: 0->5, Płeć: mężczyzna->kobieta;, Płeć: mężczyzna->kobieta, Wiek: 56->43.46, Opłata: 35.50->61.39;, Klasa: 1->3, Płeć: mężczyzna->kobieta, Wiek: 56->28.83, Opłata: 35.50->0, Rodzeństwo/Małżonkowie: 0->0.65;, Rodzeństwo/Małżonkowie: 0->3, Klasa: 1->3;, Opłata: 35.50->40.75, Rodzeństwo/Małżonkowie: 0->0.10, Wiek: 56->57.07;, Rodzeństwo/Małżonkowie: 0->5, Opłata: 35.50->250.89;, Wiek: 56->64, Opłata: 35.50->27.72;, Wiek: 56->17.50, Płeć: mężczyzna->kobieta;, Rodzeństwo/Małżonkowie: 0->1.11;","Wiek: 23->17.43;, Klasa: 2->1, Rodzice/Dzieci: 1->1.80, Rodzeństwo/Małżonkowie: 2->3.11;, Rodzice/Dzieci: 1->5, Płeć: mężczyzna->kobieta;, Rodzeństwo/Małżonkowie: 2->7, Klasa: 2->1;, Klasa: 2->3, Płeć: mężczyzna->kobieta, Rodzice/Dzieci: 1->0, Rodzeństwo/Małżonkowie: 2->0.85, Wiek: 23->30.54, Opłata: 11.50->0;, Wiek: 23->8, Rodzeństwo/Małżonkowie: 2->1, Opłata: 11.50->36.75;, Wiek: 23->8.50;, Klasa: 2->1, Rodzice/Dzieci: 1->1.26, Rodzeństwo/Małżonkowie: 2->2.21, Wiek: 23->25.60, Opłata: 11.50->19.30;, Wiek: 23->3.70;","3","1","4","1","1","5","4","1","4","1","3","3","1","1","4","2","3","3","3","3","1","1","3","4","1","4","19-26","Licencjat","Inżynieria",""
"Y5XelXB","LZP1MMJ","2025-12-08 22:00:04","Nie","Tak","Nie","","","","","","","","","","","","4","4","1","5","5","5","3","4","1","2","4","5","5","2","3","5","5","2","4","2","1","5","4","5","1","5","5","5","2","3","1","2","4","4","Płeć: mężczyzna->kobieta, Wiek: 56->43.46, Opłata: 35.50->61.39;, Wiek: 56->17.50, Płeć: mężczyzna->kobieta;, Klasa: 1->3, Płeć: mężczyzna->kobieta, Wiek: 56->28.83, Opłata: 35.50->0, Rodzeństwo/Małżonkowie: 0->0.65;, Rodzeństwo/Małżonkowie: 0->5, Płeć: mężczyzna->kobieta;, Rodzeństwo/Małżonkowie: 0->5, Opłata: 35.50->250.89;, Opłata: 35.50->40.75, Rodzeństwo/Małżonkowie: 0->0.10, Wiek: 56->57.07;, Wiek: 56->64, Opłata: 35.50->27.72;, Rodzeństwo/Małżonkowie: 0->1.11;, Rodzeństwo/Małżonkowie: 0->3, Klasa: 1->3;","Klasa: 2->1, Rodzice/Dzieci: 1->1.26, Rodzeństwo/Małżonkowie: 2->2.21, Wiek: 23->25.60, Opłata: 11.50->19.30;, Wiek: 23->3.70;, Wiek: 23->8, Rodzeństwo/Małżonkowie: 2->1, Opłata: 11.50->36.75;, Wiek: 23->8.50;, Rodzeństwo/Małżonkowie: 2->7, Klasa: 2->1;, Klasa: 2->3, Płeć: mężczyzna->kobieta, Rodzice/Dzieci: 1->0, Rodzeństwo/Małżonkowie: 2->0.85, Wiek: 23->30.54, Opłata: 11.50->0;, Rodzice/Dzieci: 1->5, Płeć: mężczyzna->kobieta;, Klasa: 2->1, Rodzice/Dzieci: 1->1.80, Rodzeństwo/Małżonkowie: 2->3.11;, Wiek: 23->17.43;","3","2","4","1","1","5","4","1","5","1","2","4","1","1","4","1","3","2","3","2","1","1","1","4","1","4","19-26","Szkoła średnia","Sztuka / Media / Projektowanie",""
"KYAOXoM","OD7189M","2025-12-08 22:26:21","Nie","Tak","Nie","","","","","","","","","","","","2","4","1","5","4","4","2","4","1","3","4","4","5","3","2","5","5","4","5","4","1","4","5","4","1","5","5","4","3","4","1","3","4","5","Rodzeństwo/Małżonkowie: 0->5, Opłata: 35.50->250.89;, Rodzeństwo/Małżonkowie: 0->1.11;, Płeć: mężczyzna->kobieta, Wiek: 56->43.46, Opłata: 35.50->61.39;, Wiek: 56->17.50, Płeć: mężczyzna->kobieta;, Wiek: 56->64, Opłata: 35.50->27.72;, Klasa: 1->3, Płeć: mężczyzna->kobieta, Wiek: 56->28.83, Opłata: 35.50->0, Rodzeństwo/Małżonkowie: 0->0.65;, Opłata: 35.50->40.75, Rodzeństwo/Małżonkowie: 0->0.10, Wiek: 56->57.07;, Rodzeństwo/Małżonkowie: 0->5, Płeć: mężczyzna->kobieta;, Rodzeństwo/Małżonkowie: 0->3, Klasa: 1->3;","Klasa: 2->1, Rodzice/Dzieci: 1->1.26, Rodzeństwo/Małżonkowie: 2->2.21, Wiek: 23->25.60, Opłata: 11.50->19.30;, Rodzeństwo/Małżonkowie: 2->7, Klasa: 2->1;, Klasa: 2->1, Rodzice/Dzieci: 1->1.80, Rodzeństwo/Małżonkowie: 2->3.11;, Rodzice/Dzieci: 1->5, Płeć: mężczyzna->kobieta;, Wiek: 23->17.43;, Klasa: 2->3, Płeć: mężczyzna->kobieta, Rodzice/Dzieci: 1->0, Rodzeństwo/Małżonkowie: 2->0.85, Wiek: 23->30.54, Opłata: 11.50->0;, Wiek: 23->8, Rodzeństwo/Małżonkowie: 2->1, Opłata: 11.50->36.75;, Wiek: 23->8.50;, Wiek: 23->3.70;","4","1","5","1","2","5","5","1","5","1","3","4","1","1","3","2","3","4","3","2","1","1","2","4","1","3","19-26","Szkoła średnia","Opieka zdrowotna / Medycyna",""
"obYgXDM","vGPjE54","2025-12-08 22:39:49","Tak","Tak","Nie","","","","","","","","","","","","3","4","2","5","4","4","2","4","1","4","4","4","5","5","2","5","5","5","4","4","1","4","3","5","1","5","3","3","2","4","1","3","2","4","Rodzeństwo/Małżonkowie: 0->1.11;, Rodzeństwo/Małżonkowie: 0->5, Opłata: 35.50->250.89;, Rodzeństwo/Małżonkowie: 0->3, Klasa: 1->3;, Wiek: 56->17.50, Płeć: mężczyzna->kobieta;, Rodzeństwo/Małżonkowie: 0->5, Płeć: mężczyzna->kobieta;, Płeć: mężczyzna->kobieta, Wiek: 56->43.46, Opłata: 35.50->61.39;, Wiek: 56->64, Opłata: 35.50->27.72;, Opłata: 35.50->40.75, Rodzeństwo/Małżonkowie: 0->0.10, Wiek: 56->57.07;, Klasa: 1->3, Płeć: mężczyzna->kobieta, Wiek: 56->28.83, Opłata: 35.50->0, Rodzeństwo/Małżonkowie: 0->0.65;","Wiek: 23->17.43;, Rodzeństwo/Małżonkowie: 2->7, Klasa: 2->1;, Rodzice/Dzieci: 1->5, Płeć: mężczyzna->kobieta;, Klasa: 2->1, Rodzice/Dzieci: 1->1.80, Rodzeństwo/Małżonkowie: 2->3.11;, Klasa: 2->1, Rodzice/Dzieci: 1->1.26, Rodzeństwo/Małżonkowie: 2->2.21, Wiek: 23->25.60, Opłata: 11.50->19.30;, Wiek: 23->8, Rodzeństwo/Małżonkowie: 2->1, Opłata: 11.50->36.75;, Klasa: 2->3, Płeć: mężczyzna->kobieta, Rodzice/Dzieci: 1->0, Rodzeństwo/Małżonkowie: 2->0.85, Wiek: 23->30.54, Opłata: 11.50->0;, Wiek: 23->3.70;, Wiek: 23->8.50;","4","3","4","2","3","5","5","2","5","2","4","4","1","1","3","1","4","4","4","4","2","1","3","5","2","4","19-26","Szkoła średnia","Informatyka / Inżynieria oprogramowania",""
"zx4ga78","pbDxJR8","2025-12-08 22:48:11","Nie","Tak","Tak","Nie","Decyzje dotyczące diagnozy medycznej, Badania naukowe, Rekomendacje produktów","true","false","false","false","true","true","false","false","","1","5","1","5","4","5","3","5","2","5","5","5","5","5","3","5","5","3","4","3","1","5","3","5","1","5","5","5","5","5","4","5","4","5","Wiek: 56->17.50, Płeć: mężczyzna->kobieta;, Płeć: mężczyzna->kobieta, Wiek: 56->43.46, Opłata: 35.50->61.39;, Klasa: 1->3, Płeć: mężczyzna->kobieta, Wiek: 56->28.83, Opłata: 35.50->0, Rodzeństwo/Małżonkowie: 0->0.65;, Rodzeństwo/Małżonkowie: 0->5, Płeć: mężczyzna->kobieta;, Rodzeństwo/Małżonkowie: 0->5, Opłata: 35.50->250.89;, Wiek: 56->64, Opłata: 35.50->27.72;, Rodzeństwo/Małżonkowie: 0->3, Klasa: 1->3;, Rodzeństwo/Małżonkowie: 0->1.11;, Opłata: 35.50->40.75, Rodzeństwo/Małżonkowie: 0->0.10, Wiek: 56->57.07;","Wiek: 23->8, Rodzeństwo/Małżonkowie: 2->1, Opłata: 11.50->36.75;, Wiek: 23->8.50;, Wiek: 23->3.70;, Wiek: 23->17.43;, Rodzeństwo/Małżonkowie: 2->7, Klasa: 2->1;, Klasa: 2->3, Płeć: mężczyzna->kobieta, Rodzice/Dzieci: 1->0, Rodzeństwo/Małżonkowie: 2->0.85, Wiek: 23->30.54, Opłata: 11.50->0;, Klasa: 2->1, Rodzice/Dzieci: 1->1.26, Rodzeństwo/Małżonkowie: 2->2.21, Wiek: 23->25.60, Opłata: 11.50->19.30;, Klasa: 2->1, Rodzice/Dzieci: 1->1.80, Rodzeństwo/Małżonkowie: 2->3.11;, Rodzice/Dzieci: 1->5, Płeć: mężczyzna->kobieta;","2","4","5","1","5","5","5","2","5","1","5","3","2","1","5","1","3","5","3","3","1","1","4","5","3","5","19-26","Szkoła średnia","Sektor publiczny / Organizacja non-profit",""
"Y5XeLdz","q4RZJzG","2025-12-08 22:49:12","Nie","Nie","Nie","","","","","","","","","","","","2","3","1","5","3","3","2","4","1","2","4","4","5","3","1","5","5","3","4","3","1","3","4","4","1","5","4","3","2","3","1","1","3","5","Wiek: 56->64, Opłata: 35.50->27.72;, Klasa: 1->3, Płeć: mężczyzna->kobieta, Wiek: 56->28.83, Opłata: 35.50->0, Rodzeństwo/Małżonkowie: 0->0.65;, Opłata: 35.50->40.75, Rodzeństwo/Małżonkowie: 0->0.10, Wiek: 56->57.07;, Wiek: 56->17.50, Płeć: mężczyzna->kobieta;, Płeć: mężczyzna->kobieta, Wiek: 56->43.46, Opłata: 35.50->61.39;, Rodzeństwo/Małżonkowie: 0->1.11;, Rodzeństwo/Małżonkowie: 0->5, Opłata: 35.50->250.89;, Rodzeństwo/Małżonkowie: 0->5, Płeć: mężczyzna->kobieta;, Rodzeństwo/Małżonkowie: 0->3, Klasa: 1->3;","Wiek: 23->3.70;, Wiek: 23->8.50;, Wiek: 23->17.43;, Rodzice/Dzieci: 1->5, Płeć: mężczyzna->kobieta;, Klasa: 2->3, Płeć: mężczyzna->kobieta, Rodzice/Dzieci: 1->0, Rodzeństwo/Małżonkowie: 2->0.85, Wiek: 23->30.54, Opłata: 11.50->0;, Rodzeństwo/Małżonkowie: 2->7, Klasa: 2->1;, Wiek: 23->8, Rodzeństwo/Małżonkowie: 2->1, Opłata: 11.50->36.75;, Klasa: 2->1, Rodzice/Dzieci: 1->1.80, Rodzeństwo/Małżonkowie: 2->3.11;, Klasa: 2->1, Rodzice/Dzieci: 1->1.26, Rodzeństwo/Małżonkowie: 2->2.21, Wiek: 23->25.60, Opłata: 11.50->19.30;","3","1","3","1","1","5","4","1","4","1","3","3","1","1","3","1","2","2","2","2","1","1","2","4","1","3","19-26","Licencjat","Studia językowe",""
"rjRpjGv","GxRv5gO","2025-12-08 23:10:13","Nie","Tak","Nie","","","","","","","","","","","","3","4","2","3","5","4","2","3","1","1","5","5","5","3","2","3","5","2","5","3","1","3","4","5","1","5","5","4","2","3","1","2","4","5","Klasa: 1->3, Płeć: mężczyzna->kobieta, Wiek: 56->28.83, Opłata: 35.50->0, Rodzeństwo/Małżonkowie: 0->0.65;, Opłata: 35.50->40.75, Rodzeństwo/Małżonkowie: 0->0.10, Wiek: 56->57.07;, Wiek: 56->64, Opłata: 35.50->27.72;, Płeć: mężczyzna->kobieta, Wiek: 56->43.46, Opłata: 35.50->61.39;, Rodzeństwo/Małżonkowie: 0->5, Opłata: 35.50->250.89;, Wiek: 56->17.50, Płeć: mężczyzna->kobieta;, Rodzeństwo/Małżonkowie: 0->3, Klasa: 1->3;, Rodzeństwo/Małżonkowie: 0->5, Płeć: mężczyzna->kobieta;, Rodzeństwo/Małżonkowie: 0->1.11;","Klasa: 2->1, Rodzice/Dzieci: 1->1.26, Rodzeństwo/Małżonkowie: 2->2.21, Wiek: 23->25.60, Opłata: 11.50->19.30;, Klasa: 2->3, Płeć: mężczyzna->kobieta, Rodzice/Dzieci: 1->0, Rodzeństwo/Małżonkowie: 2->0.85, Wiek: 23->30.54, Opłata: 11.50->0;, Wiek: 23->8, Rodzeństwo/Małżonkowie: 2->1, Opłata: 11.50->36.75;, Klasa: 2->1, Rodzice/Dzieci: 1->1.80, Rodzeństwo/Małżonkowie: 2->3.11;, Wiek: 23->17.43;, Wiek: 23->8.50;, Wiek: 23->3.70;, Rodzice/Dzieci: 1->5, Płeć: mężczyzna->kobieta;, Rodzeństwo/Małżonkowie: 2->7, Klasa: 2->1;","3","3","1","5","2","5","4","2","4","1","4","4","2","1","4","2","3","3","2","3","2","1","2","5","1","3","19-26","Licencjat","Nauki społeczne / Psychologia / Prawo",""
"jaXpaVQ","q4RZv9Y","2025-12-08 23:12:23","Nie","Tak","Nie","","","","","","","","","","","","4","4","2","5","5","2","3","3","1","2","5","3","5","1","3","5","5","1","4","1","1","5","4","4","1","5","5","4","3","3","1","3","4","5","Wiek: 56->17.50, Płeć: mężczyzna->kobieta;, Płeć: mężczyzna->kobieta, Wiek: 56->43.46, Opłata: 35.50->61.39;, Klasa: 1->3, Płeć: mężczyzna->kobieta, Wiek: 56->28.83, Opłata: 35.50->0, Rodzeństwo/Małżonkowie: 0->0.65;, Rodzeństwo/Małżonkowie: 0->1.11;, Opłata: 35.50->40.75, Rodzeństwo/Małżonkowie: 0->0.10, Wiek: 56->57.07;, Rodzeństwo/Małżonkowie: 0->3, Klasa: 1->3;, Rodzeństwo/Małżonkowie: 0->5, Opłata: 35.50->250.89;, Rodzeństwo/Małżonkowie: 0->5, Płeć: mężczyzna->kobieta;, Wiek: 56->64, Opłata: 35.50->27.72;","Klasa: 2->1, Rodzice/Dzieci: 1->1.26, Rodzeństwo/Małżonkowie: 2->2.21, Wiek: 23->25.60, Opłata: 11.50->19.30;, Wiek: 23->17.43;, Klasa: 2->1, Rodzice/Dzieci: 1->1.80, Rodzeństwo/Małżonkowie: 2->3.11;, Rodzeństwo/Małżonkowie: 2->7, Klasa: 2->1;, Klasa: 2->3, Płeć: mężczyzna->kobieta, Rodzice/Dzieci: 1->0, Rodzeństwo/Małżonkowie: 2->0.85, Wiek: 23->30.54, Opłata: 11.50->0;, Rodzice/Dzieci: 1->5, Płeć: mężczyzna->kobieta;, Wiek: 23->8.50;, Wiek: 23->8, Rodzeństwo/Małżonkowie: 2->1, Opłata: 11.50->36.75;, Wiek: 23->3.70;","3","3","4","2","2","5","5","1","5","1","3","3","1","1","3","1","3","3","2","2","1","1","3","5","1","4","19-26","Szkoła średnia","Inny","Budowa auauau układam płytki "
"yPrG6O8","rjoy1aM","2025-12-09 00:13:46","Tak","Tak","Nie","","","","","","","","","","","","1","4","1","5","5","3","1","5","1","5","1","5","5","5","3","5","5","4","4","3","1","5","2","5","1","5","1","5","1","4","1","4","1","5","Rodzeństwo/Małżonkowie: 0->1.11;, Wiek: 56->17.50, Płeć: mężczyzna->kobieta;, Płeć: mężczyzna->kobieta, Wiek: 56->43.46, Opłata: 35.50->61.39;, Rodzeństwo/Małżonkowie: 0->5, Płeć: mężczyzna->kobieta;, Wiek: 56->64, Opłata: 35.50->27.72;, Rodzeństwo/Małżonkowie: 0->3, Klasa: 1->3;, Rodzeństwo/Małżonkowie: 0->5, Opłata: 35.50->250.89;, Opłata: 35.50->40.75, Rodzeństwo/Małżonkowie: 0->0.10, Wiek: 56->57.07;, Klasa: 1->3, Płeć: mężczyzna->kobieta, Wiek: 56->28.83, Opłata: 35.50->0, Rodzeństwo/Małżonkowie: 0->0.65;","Wiek: 23->17.43;, Wiek: 23->8.50;, Wiek: 23->3.70;, Wiek: 23->8, Rodzeństwo/Małżonkowie: 2->1, Opłata: 11.50->36.75;, Rodzeństwo/Małżonkowie: 2->7, Klasa: 2->1;, Rodzice/Dzieci: 1->5, Płeć: mężczyzna->kobieta;, Klasa: 2->1, Rodzice/Dzieci: 1->1.80, Rodzeństwo/Małżonkowie: 2->3.11;, Klasa: 2->1, Rodzice/Dzieci: 1->1.26, Rodzeństwo/Małżonkowie: 2->2.21, Wiek: 23->25.60, Opłata: 11.50->19.30;, Klasa: 2->3, Płeć: mężczyzna->kobieta, Rodzice/Dzieci: 1->0, Rodzeństwo/Małżonkowie: 2->0.85, Wiek: 23->30.54, Opłata: 11.50->0;","5","1","5","1","2","5","5","1","5","1","4","4","1","2","3","1","1","2","1","4","2","1","1","5","1","4","19-26","Szkoła średnia","Inny","Automatyzacja"
"yPrkq90","81Z1eLr","2025-12-09 06:05:15","Tak","Tak","Nie","","","","","","","","","","","","2","5","1","5","4","5","1","5","1","4","4","5","5","5","2","5","5","5","4","5","1","4","4","5","1","5","4","5","2","5","1","4","4","5","Rodzeństwo/Małżonkowie: 0->1.11;, Rodzeństwo/Małżonkowie: 0->3, Klasa: 1->3;, Rodzeństwo/Małżonkowie: 0->5, Opłata: 35.50->250.89;, Rodzeństwo/Małżonkowie: 0->5, Płeć: mężczyzna->kobieta;, Wiek: 56->64, Opłata: 35.50->27.72;, Wiek: 56->17.50, Płeć: mężczyzna->kobieta;, Opłata: 35.50->40.75, Rodzeństwo/Małżonkowie: 0->0.10, Wiek: 56->57.07;, Płeć: mężczyzna->kobieta, Wiek: 56->43.46, Opłata: 35.50->61.39;, Klasa: 1->3, Płeć: mężczyzna->kobieta, Wiek: 56->28.83, Opłata: 35.50->0, Rodzeństwo/Małżonkowie: 0->0.65;","Wiek: 23->17.43;, Klasa: 2->1, Rodzice/Dzieci: 1->1.26, Rodzeństwo/Małżonkowie: 2->2.21, Wiek: 23->25.60, Opłata: 11.50->19.30;, Klasa: 2->1, Rodzice/Dzieci: 1->1.80, Rodzeństwo/Małżonkowie: 2->3.11;, Wiek: 23->8.50;, Wiek: 23->8, Rodzeństwo/Małżonkowie: 2->1, Opłata: 11.50->36.75;, Rodzeństwo/Małżonkowie: 2->7, Klasa: 2->1;, Rodzice/Dzieci: 1->5, Płeć: mężczyzna->kobieta;, Wiek: 23->3.70;, Klasa: 2->3, Płeć: mężczyzna->kobieta, Rodzice/Dzieci: 1->0, Rodzeństwo/Małżonkowie: 2->0.85, Wiek: 23->30.54, Opłata: 11.50->0;","2","2","4","1","3","5","5","1","5","1","4","5","1","1","4","1","2","1","2","1","1","1","2","5","1","4","27-45","Tytuł magistra","Informatyka / Inżynieria oprogramowania",""
"obYQZ2N","Y545JQW","2025-12-09 07:40:18","Tak","Nie","Tak","Tak, rzadko","Decyzje dotyczące diagnozy medycznej, Zatrudnianie i rekrutacja, Badania naukowe, Strategia biznesowa","true","false","true","false","false","true","true","false","","2","4","1","5","4","5","2","1","1","1","3","4","5","5","1","4","5","2","4","2","1","1","2","4","1","5","4","5","2","3","1","1","2","4","Opłata: 35.50->40.75, Rodzeństwo/Małżonkowie: 0->0.10, Wiek: 56->57.07;, Wiek: 56->17.50, Płeć: mężczyzna->kobieta;, Rodzeństwo/Małżonkowie: 0->3, Klasa: 1->3;, Płeć: mężczyzna->kobieta, Wiek: 56->43.46, Opłata: 35.50->61.39;, Rodzeństwo/Małżonkowie: 0->5, Płeć: mężczyzna->kobieta;, Klasa: 1->3, Płeć: mężczyzna->kobieta, Wiek: 56->28.83, Opłata: 35.50->0, Rodzeństwo/Małżonkowie: 0->0.65;, Wiek: 56->64, Opłata: 35.50->27.72;, Rodzeństwo/Małżonkowie: 0->1.11;, Rodzeństwo/Małżonkowie: 0->5, Opłata: 35.50->250.89;","Klasa: 2->3, Płeć: mężczyzna->kobieta, Rodzice/Dzieci: 1->0, Rodzeństwo/Małżonkowie: 2->0.85, Wiek: 23->30.54, Opłata: 11.50->0;, Rodzice/Dzieci: 1->5, Płeć: mężczyzna->kobieta;, Klasa: 2->1, Rodzice/Dzieci: 1->1.26, Rodzeństwo/Małżonkowie: 2->2.21, Wiek: 23->25.60, Opłata: 11.50->19.30;, Wiek: 23->17.43;, Rodzeństwo/Małżonkowie: 2->7, Klasa: 2->1;, Klasa: 2->1, Rodzice/Dzieci: 1->1.80, Rodzeństwo/Małżonkowie: 2->3.11;, Wiek: 23->3.70;, Wiek: 23->8.50;, Wiek: 23->8, Rodzeństwo/Małżonkowie: 2->1, Opłata: 11.50->36.75;","3","1","4","1","1","5","4","1","4","1","3","2","1","1","2","1","2","2","1","2","1","1","1","3","1","3","19-26","Tytuł magistra","Informatyka / Inżynieria oprogramowania",""
"q4Xe1k8","q4R4vLY","2025-12-09 07:59:00","Tak","Tak","Tak","Tak, rzadko","Zatrudnianie i rekrutacja, Rekomendacje produktów, Badania naukowe, Strategia biznesowa, Decyzje dotyczące diagnozy medycznej, Decyzje finansowe dotyczące pożyczek/kredytów, Decyzje prawne/sądowe","true","true","true","true","true","true","true","false","","3","4","1","4","5","4","4","4","1","2","4","4","4","3","3","4","4","3","3","3","1","4","2","3","1","5","4","4","3","4","1","2","4","3","Wiek: 56->17.50, Płeć: mężczyzna->kobieta;, Rodzeństwo/Małżonkowie: 0->5, Opłata: 35.50->250.89;, Rodzeństwo/Małżonkowie: 0->5, Płeć: mężczyzna->kobieta;, Klasa: 1->3, Płeć: mężczyzna->kobieta, Wiek: 56->28.83, Opłata: 35.50->0, Rodzeństwo/Małżonkowie: 0->0.65;, Rodzeństwo/Małżonkowie: 0->1.11;, Płeć: mężczyzna->kobieta, Wiek: 56->43.46, Opłata: 35.50->61.39;, Rodzeństwo/Małżonkowie: 0->3, Klasa: 1->3;, Opłata: 35.50->40.75, Rodzeństwo/Małżonkowie: 0->0.10, Wiek: 56->57.07;, Wiek: 56->64, Opłata: 35.50->27.72;","Rodzice/Dzieci: 1->5, Płeć: mężczyzna->kobieta;, Wiek: 23->8.50;, Wiek: 23->3.70;, Wiek: 23->17.43;, Wiek: 23->8, Rodzeństwo/Małżonkowie: 2->1, Opłata: 11.50->36.75;, Klasa: 2->1, Rodzice/Dzieci: 1->1.26, Rodzeństwo/Małżonkowie: 2->2.21, Wiek: 23->25.60, Opłata: 11.50->19.30;, Klasa: 2->3, Płeć: mężczyzna->kobieta, Rodzice/Dzieci: 1->0, Rodzeństwo/Małżonkowie: 2->0.85, Wiek: 23->30.54, Opłata: 11.50->0;, Klasa: 2->1, Rodzice/Dzieci: 1->1.80, Rodzeństwo/Małżonkowie: 2->3.11;, Rodzeństwo/Małżonkowie: 2->7, Klasa: 2->1;","4","2","5","1","2","5","5","1","5","1","3","3","1","1","4","1","3","3","3","2","2","1","4","3","2","3","27-45","Licencjat","Informatyka / Inżynieria oprogramowania",""
"EkeYy5q","RGDG2Pv","2025-12-09 08:29:17","Tak","Nie","Tak","Nie","Decyzje dotyczące diagnozy medycznej, Decyzje prawne/sądowe, Badania naukowe, Strategia biznesowa","true","false","false","true","false","true","true","false","","2","1","1","5","5","3","1","4","1","2","5","5","5","1","1","5","5","2","5","2","1","2","5","2","1","5","5","4","3","3","1","2","3","4","Rodzeństwo/Małżonkowie: 0->5, Opłata: 35.50->250.89;, Wiek: 56->17.50, Płeć: mężczyzna->kobieta;, Płeć: mężczyzna->kobieta, Wiek: 56->43.46, Opłata: 35.50->61.39;, Klasa: 1->3, Płeć: mężczyzna->kobieta, Wiek: 56->28.83, Opłata: 35.50->0, Rodzeństwo/Małżonkowie: 0->0.65;, Opłata: 35.50->40.75, Rodzeństwo/Małżonkowie: 0->0.10, Wiek: 56->57.07;, Wiek: 56->64, Opłata: 35.50->27.72;, Rodzeństwo/Małżonkowie: 0->1.11;, Rodzeństwo/Małżonkowie: 0->5, Płeć: mężczyzna->kobieta;, Rodzeństwo/Małżonkowie: 0->3, Klasa: 1->3;","Wiek: 23->3.70;, Wiek: 23->8.50;, Wiek: 23->17.43;, Klasa: 2->1, Rodzice/Dzieci: 1->1.26, Rodzeństwo/Małżonkowie: 2->2.21, Wiek: 23->25.60, Opłata: 11.50->19.30;, Rodzice/Dzieci: 1->5, Płeć: mężczyzna->kobieta;, Rodzeństwo/Małżonkowie: 2->7, Klasa: 2->1;, Klasa: 2->1, Rodzice/Dzieci: 1->1.80, Rodzeństwo/Małżonkowie: 2->3.11;, Wiek: 23->8, Rodzeństwo/Małżonkowie: 2->1, Opłata: 11.50->36.75;, Klasa: 2->3, Płeć: mężczyzna->kobieta, Rodzice/Dzieci: 1->0, Rodzeństwo/Małżonkowie: 2->0.85, Wiek: 23->30.54, Opłata: 11.50->0;","4","1","5","1","1","5","5","1","5","1","3","4","1","1","4","1","3","1","1","2","1","1","2","4","1","4","19-26","Licencjat","Biznes / Zarządzanie",""
"VLXAKgy","A7BrB5W","2025-12-09 12:01:36","Tak","Tak","Tak","Tak, rzadko","Decyzje dotyczące diagnozy medycznej, Decyzje prawne/sądowe, Badania naukowe, Strategia biznesowa, Rekomendacje produktów, Zatrudnianie i rekrutacja, Decyzje finansowe dotyczące pożyczek/kredytów","true","true","true","true","true","true","true","false","","2","4","1","5","3","3","2","4","1","2","3","4","5","4","2","5","5","4","4","4","1","3","3","5","1","5","4","3","2","3","1","2","3","5","Wiek: 56->17.50, Płeć: mężczyzna->kobieta;, Wiek: 56->64, Opłata: 35.50->27.72;, Płeć: mężczyzna->kobieta, Wiek: 56->43.46, Opłata: 35.50->61.39;, Opłata: 35.50->40.75, Rodzeństwo/Małżonkowie: 0->0.10, Wiek: 56->57.07;, Rodzeństwo/Małżonkowie: 0->5, Opłata: 35.50->250.89;, Klasa: 1->3, Płeć: mężczyzna->kobieta, Wiek: 56->28.83, Opłata: 35.50->0, Rodzeństwo/Małżonkowie: 0->0.65;, Rodzeństwo/Małżonkowie: 0->5, Płeć: mężczyzna->kobieta;, Rodzeństwo/Małżonkowie: 0->3, Klasa: 1->3;, Rodzeństwo/Małżonkowie: 0->1.11;","Wiek: 23->3.70;, Wiek: 23->8.50;, Rodzice/Dzieci: 1->5, Płeć: mężczyzna->kobieta;, Klasa: 2->3, Płeć: mężczyzna->kobieta, Rodzice/Dzieci: 1->0, Rodzeństwo/Małżonkowie: 2->0.85, Wiek: 23->30.54, Opłata: 11.50->0;, Wiek: 23->17.43;, Rodzeństwo/Małżonkowie: 2->7, Klasa: 2->1;, Wiek: 23->8, Rodzeństwo/Małżonkowie: 2->1, Opłata: 11.50->36.75;, Klasa: 2->1, Rodzice/Dzieci: 1->1.26, Rodzeństwo/Małżonkowie: 2->2.21, Wiek: 23->25.60, Opłata: 11.50->19.30;, Klasa: 2->1, Rodzice/Dzieci: 1->1.80, Rodzeństwo/Małżonkowie: 2->3.11;","3","3","3","1","1","5","4","2","4","1","3","4","1","1","3","2","3","3","2","3","1","1","1","4","1","3","<19","Szkoła średnia","Uczeń szkolny",""
"Eker5RL","Np7q0ZG","2025-12-09 12:49:47","Tak","Tak","Tak","Tak, rzadko","Decyzje dotyczące diagnozy medycznej, Decyzje prawne/sądowe, Badania naukowe, Strategia biznesowa","true","false","false","true","false","true","true","false","","2","2","1","3","5","3","3","4","1","2","3","5","5","4","2","4","5","3","3","3","1","3","4","3","1","5","4","2","3","4","1","2","4","4","Płeć: mężczyzna->kobieta, Wiek: 56->43.46, Opłata: 35.50->61.39;, Wiek: 56->17.50, Płeć: mężczyzna->kobieta;, Rodzeństwo/Małżonkowie: 0->5, Płeć: mężczyzna->kobieta;, Klasa: 1->3, Płeć: mężczyzna->kobieta, Wiek: 56->28.83, Opłata: 35.50->0, Rodzeństwo/Małżonkowie: 0->0.65;, Rodzeństwo/Małżonkowie: 0->5, Opłata: 35.50->250.89;, Rodzeństwo/Małżonkowie: 0->3, Klasa: 1->3;, Wiek: 56->64, Opłata: 35.50->27.72;, Opłata: 35.50->40.75, Rodzeństwo/Małżonkowie: 0->0.10, Wiek: 56->57.07;, Rodzeństwo/Małżonkowie: 0->1.11;","Rodzice/Dzieci: 1->5, Płeć: mężczyzna->kobieta;, Wiek: 23->3.70;, Wiek: 23->8.50;, Wiek: 23->8, Rodzeństwo/Małżonkowie: 2->1, Opłata: 11.50->36.75;, Klasa: 2->3, Płeć: mężczyzna->kobieta, Rodzice/Dzieci: 1->0, Rodzeństwo/Małżonkowie: 2->0.85, Wiek: 23->30.54, Opłata: 11.50->0;, Klasa: 2->1, Rodzice/Dzieci: 1->1.26, Rodzeństwo/Małżonkowie: 2->2.21, Wiek: 23->25.60, Opłata: 11.50->19.30;, Klasa: 2->1, Rodzice/Dzieci: 1->1.80, Rodzeństwo/Małżonkowie: 2->3.11;, Rodzeństwo/Małżonkowie: 2->7, Klasa: 2->1;, Wiek: 23->17.43;","3","3","4","1","1","5","4","1","4","1","2","5","1","1","4","1","3","4","3","2","1","1","3","4","1","3","19-26","Szkoła średnia","Inny","Architektura "
"WOXkLQk","1A9WQ0Q","2025-12-09 15:32:29","Nie","Tak","Nie","Tak, rzadko","Inne","false","false","false","false","false","false","false","true","","1","3","1","4","3","4","2","3","1","2","2","5","4","1","1","5","4","2","3","3","1","2","2","3","1","5","4","5","1","3","1","3","5","5","Rodzeństwo/Małżonkowie: 0->5, Opłata: 35.50->250.89;, Rodzeństwo/Małżonkowie: 0->1.11;, Rodzeństwo/Małżonkowie: 0->5, Płeć: mężczyzna->kobieta;, Płeć: mężczyzna->kobieta, Wiek: 56->43.46, Opłata: 35.50->61.39;, Rodzeństwo/Małżonkowie: 0->3, Klasa: 1->3;, Wiek: 56->17.50, Płeć: mężczyzna->kobieta;, Klasa: 1->3, Płeć: mężczyzna->kobieta, Wiek: 56->28.83, Opłata: 35.50->0, Rodzeństwo/Małżonkowie: 0->0.65;, Wiek: 56->64, Opłata: 35.50->27.72;, Opłata: 35.50->40.75, Rodzeństwo/Małżonkowie: 0->0.10, Wiek: 56->57.07;","Wiek: 23->8, Rodzeństwo/Małżonkowie: 2->1, Opłata: 11.50->36.75;, Rodzeństwo/Małżonkowie: 2->7, Klasa: 2->1;, Wiek: 23->3.70;, Rodzice/Dzieci: 1->5, Płeć: mężczyzna->kobieta;, Klasa: 2->1, Rodzice/Dzieci: 1->1.26, Rodzeństwo/Małżonkowie: 2->2.21, Wiek: 23->25.60, Opłata: 11.50->19.30;, Klasa: 2->1, Rodzice/Dzieci: 1->1.80, Rodzeństwo/Małżonkowie: 2->3.11;, Wiek: 23->8.50;, Wiek: 23->17.43;, Klasa: 2->3, Płeć: mężczyzna->kobieta, Rodzice/Dzieci: 1->0, Rodzeństwo/Małżonkowie: 2->0.85, Wiek: 23->30.54, Opłata: 11.50->0;","2","3","3","3","1","5","4","2","4","1","2","2","1","1","4","1","1","5","1","2","1","1","1","4","1","4","<19","Szkoła podstawowa","Uczeń szkolny",""
"xXEEXp9","Ekxq2jA","2025-12-09 16:05:19","Nie","Nie","Nie","","","","","","","","","","","","3","5","1","5","4","2","1","3","1","1","2","5","5","4","1","5","3","3","3","3","1","1","2","2","1","5","3","4","1","2","1","1","2","4","Płeć: mężczyzna->kobieta, Wiek: 56->43.46, Opłata: 35.50->61.39;, Rodzeństwo/Małżonkowie: 0->3, Klasa: 1->3;, Wiek: 56->64, Opłata: 35.50->27.72;, Klasa: 1->3, Płeć: mężczyzna->kobieta, Wiek: 56->28.83, Opłata: 35.50->0, Rodzeństwo/Małżonkowie: 0->0.65;, Wiek: 56->17.50, Płeć: mężczyzna->kobieta;, Rodzeństwo/Małżonkowie: 0->5, Opłata: 35.50->250.89;, Rodzeństwo/Małżonkowie: 0->1.11;, Opłata: 35.50->40.75, Rodzeństwo/Małżonkowie: 0->0.10, Wiek: 56->57.07;, Rodzeństwo/Małżonkowie: 0->5, Płeć: mężczyzna->kobieta;","Wiek: 23->3.70;, Klasa: 2->3, Płeć: mężczyzna->kobieta, Rodzice/Dzieci: 1->0, Rodzeństwo/Małżonkowie: 2->0.85, Wiek: 23->30.54, Opłata: 11.50->0;, Wiek: 23->8, Rodzeństwo/Małżonkowie: 2->1, Opłata: 11.50->36.75;, Wiek: 23->8.50;, Klasa: 2->1, Rodzice/Dzieci: 1->1.26, Rodzeństwo/Małżonkowie: 2->2.21, Wiek: 23->25.60, Opłata: 11.50->19.30;, Wiek: 23->17.43;, Klasa: 2->1, Rodzice/Dzieci: 1->1.80, Rodzeństwo/Małżonkowie: 2->3.11;, Rodzeństwo/Małżonkowie: 2->7, Klasa: 2->1;, Rodzice/Dzieci: 1->5, Płeć: mężczyzna->kobieta;","2","3","2","3","1","1","3","4","4","4","4","4","1","1","3","3","1","1","1","1","1","1","1","3","1","3","<19","Szkoła średnia","Uczeń szkolny",""
"ODKKKOk","vGPMLMD","2025-12-09 18:57:34","Nie","Nie","Nie","","","","","","","","","","","","2","3","1","5","3","4","1","3","1","1","4","5","5","4","1","5","5","4","4","4","1","2","4","5","1","5","2","3","1","3","1","2","2","3","Wiek: 56->64, Opłata: 35.50->27.72;, Płeć: mężczyzna->kobieta, Wiek: 56->43.46, Opłata: 35.50->61.39;, Klasa: 1->3, Płeć: mężczyzna->kobieta, Wiek: 56->28.83, Opłata: 35.50->0, Rodzeństwo/Małżonkowie: 0->0.65;, Opłata: 35.50->40.75, Rodzeństwo/Małżonkowie: 0->0.10, Wiek: 56->57.07;, Wiek: 56->17.50, Płeć: mężczyzna->kobieta;, Rodzeństwo/Małżonkowie: 0->3, Klasa: 1->3;, Rodzeństwo/Małżonkowie: 0->5, Płeć: mężczyzna->kobieta;, Rodzeństwo/Małżonkowie: 0->5, Opłata: 35.50->250.89;, Rodzeństwo/Małżonkowie: 0->1.11;","Rodzice/Dzieci: 1->5, Płeć: mężczyzna->kobieta;, Klasa: 2->1, Rodzice/Dzieci: 1->1.26, Rodzeństwo/Małżonkowie: 2->2.21, Wiek: 23->25.60, Opłata: 11.50->19.30;, Klasa: 2->1, Rodzice/Dzieci: 1->1.80, Rodzeństwo/Małżonkowie: 2->3.11;, Wiek: 23->3.70;, Klasa: 2->3, Płeć: mężczyzna->kobieta, Rodzice/Dzieci: 1->0, Rodzeństwo/Małżonkowie: 2->0.85, Wiek: 23->30.54, Opłata: 11.50->0;, Rodzeństwo/Małżonkowie: 2->7, Klasa: 2->1;, Wiek: 23->17.43;, Wiek: 23->8, Rodzeństwo/Małżonkowie: 2->1, Opłata: 11.50->36.75;, Wiek: 23->8.50;","2","1","3","1","1","5","3","1","3","1","1","5","1","1","3","1","2","1","1","1","1","1","1","3","1","1","19-26","Szkoła średnia","Nauki społeczne / Psychologia / Prawo",""
"zx445ja","lb6Blq6","2025-12-09 19:16:30","Tak","Nie","Nie","","","","","","","","","","","","2","4","1","5","4","3","2","4","1","2","3","4","4","3","1","4","5","4","3","4","1","2","2","3","1","5","4","3","1","3","1","2","3","4","Klasa: 1->3, Płeć: mężczyzna->kobieta, Wiek: 56->28.83, Opłata: 35.50->0, Rodzeństwo/Małżonkowie: 0->0.65;, Wiek: 56->64, Opłata: 35.50->27.72;, Opłata: 35.50->40.75, Rodzeństwo/Małżonkowie: 0->0.10, Wiek: 56->57.07;, Rodzeństwo/Małżonkowie: 0->1.11;, Rodzeństwo/Małżonkowie: 0->5, Płeć: mężczyzna->kobieta;, Rodzeństwo/Małżonkowie: 0->3, Klasa: 1->3;, Wiek: 56->17.50, Płeć: mężczyzna->kobieta;, Płeć: mężczyzna->kobieta, Wiek: 56->43.46, Opłata: 35.50->61.39;, Rodzeństwo/Małżonkowie: 0->5, Opłata: 35.50->250.89;","Wiek: 23->3.70;, Wiek: 23->8.50;, Wiek: 23->17.43;, Rodzice/Dzieci: 1->5, Płeć: mężczyzna->kobieta;, Klasa: 2->1, Rodzice/Dzieci: 1->1.26, Rodzeństwo/Małżonkowie: 2->2.21, Wiek: 23->25.60, Opłata: 11.50->19.30;, Klasa: 2->3, Płeć: mężczyzna->kobieta, Rodzice/Dzieci: 1->0, Rodzeństwo/Małżonkowie: 2->0.85, Wiek: 23->30.54, Opłata: 11.50->0;, Klasa: 2->1, Rodzice/Dzieci: 1->1.80, Rodzeństwo/Małżonkowie: 2->3.11;, Wiek: 23->8, Rodzeństwo/Małżonkowie: 2->1, Opłata: 11.50->36.75;, Rodzeństwo/Małżonkowie: 2->7, Klasa: 2->1;","3","1","4","1","1","5","4","1","4","1","2","4","1","2","3","1","2","2","1","2","1","1","2","3","1","3","19-26","Szkoła średnia","Nauki społeczne / Psychologia / Prawo",""
"lbXXEQ5","lb6B0RV","2025-12-09 19:27:36","Nie","Tak","Nie","","","","","","","","","","","","1","3","1","5","2","3","1","4","1","3","2","4","4","3","1","5","4","4","4","2","1","3","3","3","1","5","2","3","1","4","1","3","2","4","Płeć: mężczyzna->kobieta, Wiek: 56->43.46, Opłata: 35.50->61.39;, Rodzeństwo/Małżonkowie: 0->3, Klasa: 1->3;, Klasa: 1->3, Płeć: mężczyzna->kobieta, Wiek: 56->28.83, Opłata: 35.50->0, Rodzeństwo/Małżonkowie: 0->0.65;, Rodzeństwo/Małżonkowie: 0->5, Płeć: mężczyzna->kobieta;, Rodzeństwo/Małżonkowie: 0->5, Opłata: 35.50->250.89;, Opłata: 35.50->40.75, Rodzeństwo/Małżonkowie: 0->0.10, Wiek: 56->57.07;, Wiek: 56->64, Opłata: 35.50->27.72;, Rodzeństwo/Małżonkowie: 0->1.11;, Wiek: 56->17.50, Płeć: mężczyzna->kobieta;","Klasa: 2->1, Rodzice/Dzieci: 1->1.80, Rodzeństwo/Małżonkowie: 2->3.11;, Klasa: 2->1, Rodzice/Dzieci: 1->1.26, Rodzeństwo/Małżonkowie: 2->2.21, Wiek: 23->25.60, Opłata: 11.50->19.30;, Wiek: 23->8, Rodzeństwo/Małżonkowie: 2->1, Opłata: 11.50->36.75;, Wiek: 23->3.70;, Rodzice/Dzieci: 1->5, Płeć: mężczyzna->kobieta;, Wiek: 23->8.50;, Wiek: 23->17.43;, Rodzeństwo/Małżonkowie: 2->7, Klasa: 2->1;, Klasa: 2->3, Płeć: mężczyzna->kobieta, Rodzice/Dzieci: 1->0, Rodzeństwo/Małżonkowie: 2->0.85, Wiek: 23->30.54, Opłata: 11.50->0;","1","1","2","1","1","5","4","1","2","1","3","3","1","1","1","1","1","4","1","1","1","1","1","3","1","4","19-26","Licencjat","Nauki społeczne / Psychologia / Prawo",""
"QKppgOG","Y54Pxgd","2025-12-09 20:09:43","Tak","Tak","Nie","","","","","","","","","","","","2","3","1","5","4","2","2","5","1","3","4","5","5","5","2","5","5","5","5","5","1","2","4","5","1","5","4","5","2","5","1","3","4","5","Rodzeństwo/Małżonkowie: 0->5, Opłata: 35.50->250.89;, Płeć: mężczyzna->kobieta, Wiek: 56->43.46, Opłata: 35.50->61.39;, Wiek: 56->17.50, Płeć: mężczyzna->kobieta;, Rodzeństwo/Małżonkowie: 0->5, Płeć: mężczyzna->kobieta;, Opłata: 35.50->40.75, Rodzeństwo/Małżonkowie: 0->0.10, Wiek: 56->57.07;, Rodzeństwo/Małżonkowie: 0->1.11;, Wiek: 56->64, Opłata: 35.50->27.72;, Klasa: 1->3, Płeć: mężczyzna->kobieta, Wiek: 56->28.83, Opłata: 35.50->0, Rodzeństwo/Małżonkowie: 0->0.65;, Rodzeństwo/Małżonkowie: 0->3, Klasa: 1->3;","Wiek: 23->3.70;, Wiek: 23->8.50;, Klasa: 2->1, Rodzice/Dzieci: 1->1.26, Rodzeństwo/Małżonkowie: 2->2.21, Wiek: 23->25.60, Opłata: 11.50->19.30;, Rodzeństwo/Małżonkowie: 2->7, Klasa: 2->1;, Klasa: 2->1, Rodzice/Dzieci: 1->1.80, Rodzeństwo/Małżonkowie: 2->3.11;, Wiek: 23->8, Rodzeństwo/Małżonkowie: 2->1, Opłata: 11.50->36.75;, Wiek: 23->17.43;, Rodzice/Dzieci: 1->5, Płeć: mężczyzna->kobieta;, Klasa: 2->3, Płeć: mężczyzna->kobieta, Rodzice/Dzieci: 1->0, Rodzeństwo/Małżonkowie: 2->0.85, Wiek: 23->30.54, Opłata: 11.50->0;","3","3","4","4","3","1","5","4","5","5","4","2","1","1","4","1","3","1","4","1","2","1","3","4","2","3","19-26","Licencjat","Nauki społeczne / Psychologia / Prawo","KOGNITYWISTYKA🧠🧠🧠🧠🧠🧠🙀🙀"
"GxaVlap","lb6BZ1N","2025-12-09 21:11:54","Tak","Tak","Tak","Tak, rzadko","Badania naukowe, Decyzje prawne/sądowe","false","false","false","true","false","true","false","false","","2","2","1","5","4","3","3","4","1","2","4","4","5","4","3","5","5","3","4","4","1","3","3","3","1","4","4","4","3","3","2","2","4","4","Rodzeństwo/Małżonkowie: 0->3, Klasa: 1->3;, Rodzeństwo/Małżonkowie: 0->5, Płeć: mężczyzna->kobieta;, Opłata: 35.50->40.75, Rodzeństwo/Małżonkowie: 0->0.10, Wiek: 56->57.07;, Wiek: 56->17.50, Płeć: mężczyzna->kobieta;, Klasa: 1->3, Płeć: mężczyzna->kobieta, Wiek: 56->28.83, Opłata: 35.50->0, Rodzeństwo/Małżonkowie: 0->0.65;, Rodzeństwo/Małżonkowie: 0->5, Opłata: 35.50->250.89;, Wiek: 56->64, Opłata: 35.50->27.72;, Płeć: mężczyzna->kobieta, Wiek: 56->43.46, Opłata: 35.50->61.39;, Rodzeństwo/Małżonkowie: 0->1.11;","Wiek: 23->17.43;, Rodzeństwo/Małżonkowie: 2->7, Klasa: 2->1;, Rodzice/Dzieci: 1->5, Płeć: mężczyzna->kobieta;, Klasa: 2->3, Płeć: mężczyzna->kobieta, Rodzice/Dzieci: 1->0, Rodzeństwo/Małżonkowie: 2->0.85, Wiek: 23->30.54, Opłata: 11.50->0;, Klasa: 2->1, Rodzice/Dzieci: 1->1.26, Rodzeństwo/Małżonkowie: 2->2.21, Wiek: 23->25.60, Opłata: 11.50->19.30;, Wiek: 23->3.70;, Klasa: 2->1, Rodzice/Dzieci: 1->1.80, Rodzeństwo/Małżonkowie: 2->3.11;, Wiek: 23->8, Rodzeństwo/Małżonkowie: 2->1, Opłata: 11.50->36.75;, Wiek: 23->8.50;","3","3","4","4","3","4","4","4","4","4","3","4","2","4","1","4","2","3","1","2","1","1","1","4","1","4","19-26","Licencjat","Nauki społeczne / Psychologia / Prawo",""
"xXE7pzJ","xXJr1Gr","2025-12-09 21:25:15","Tak","Nie","Tak","Tak, rzadko","Decyzje finansowe dotyczące pożyczek/kredytów, Badania naukowe","false","true","false","false","false","true","false","false","","3","3","1","1","4","4","3","3","1","1","5","5","3","3","4","4","5","1","3","3","1","1","1","1","1","4","4","4","1","2","1","1","2","3","Klasa: 1->3, Płeć: mężczyzna->kobieta, Wiek: 56->28.83, Opłata: 35.50->0, Rodzeństwo/Małżonkowie: 0->0.65;, Rodzeństwo/Małżonkowie: 0->5, Opłata: 35.50->250.89;, Rodzeństwo/Małżonkowie: 0->3, Klasa: 1->3;, Wiek: 56->17.50, Płeć: mężczyzna->kobieta;, Rodzeństwo/Małżonkowie: 0->5, Płeć: mężczyzna->kobieta;, Płeć: mężczyzna->kobieta, Wiek: 56->43.46, Opłata: 35.50->61.39;, Opłata: 35.50->40.75, Rodzeństwo/Małżonkowie: 0->0.10, Wiek: 56->57.07;, Rodzeństwo/Małżonkowie: 0->1.11;, Wiek: 56->64, Opłata: 35.50->27.72;","Klasa: 2->1, Rodzice/Dzieci: 1->1.80, Rodzeństwo/Małżonkowie: 2->3.11;, Rodzice/Dzieci: 1->5, Płeć: mężczyzna->kobieta;, Klasa: 2->1, Rodzice/Dzieci: 1->1.26, Rodzeństwo/Małżonkowie: 2->2.21, Wiek: 23->25.60, Opłata: 11.50->19.30;, Wiek: 23->17.43;, Wiek: 23->3.70;, Klasa: 2->3, Płeć: mężczyzna->kobieta, Rodzice/Dzieci: 1->0, Rodzeństwo/Małżonkowie: 2->0.85, Wiek: 23->30.54, Opłata: 11.50->0;, Rodzeństwo/Małżonkowie: 2->7, Klasa: 2->1;, Wiek: 23->8, Rodzeństwo/Małżonkowie: 2->1, Opłata: 11.50->36.75;, Wiek: 23->8.50;","1","1","2","2","1","1","3","3","3","3","1","2","1","1","2","2","1","1","1","1","1","1","1","2","1","2","46-65","Szkoła średnia","Inny",""
"VLXal96","VLzGXQJ","2025-12-09 21:38:52","Tak","Tak","Nie","","","","","","","","","","","","2","4","1","5","3","5","1","5","1","4","4","5","5","5","1","5","5","5","4","5","1","4","2","5","1","5","4","5","1","5","1","4","2","5","Wiek: 56->64, Opłata: 35.50->27.72;, Płeć: mężczyzna->kobieta, Wiek: 56->43.46, Opłata: 35.50->61.39;, Opłata: 35.50->40.75, Rodzeństwo/Małżonkowie: 0->0.10, Wiek: 56->57.07;, Klasa: 1->3, Płeć: mężczyzna->kobieta, Wiek: 56->28.83, Opłata: 35.50->0, Rodzeństwo/Małżonkowie: 0->0.65;, Wiek: 56->17.50, Płeć: mężczyzna->kobieta;, Rodzeństwo/Małżonkowie: 0->1.11;, Rodzeństwo/Małżonkowie: 0->5, Opłata: 35.50->250.89;, Rodzeństwo/Małżonkowie: 0->3, Klasa: 1->3;, Rodzeństwo/Małżonkowie: 0->5, Płeć: mężczyzna->kobieta;","Wiek: 23->8, Rodzeństwo/Małżonkowie: 2->1, Opłata: 11.50->36.75;, Rodzeństwo/Małżonkowie: 2->7, Klasa: 2->1;, Wiek: 23->3.70;, Klasa: 2->1, Rodzice/Dzieci: 1->1.26, Rodzeństwo/Małżonkowie: 2->2.21, Wiek: 23->25.60, Opłata: 11.50->19.30;, Wiek: 23->8.50;, Klasa: 2->3, Płeć: mężczyzna->kobieta, Rodzice/Dzieci: 1->0, Rodzeństwo/Małżonkowie: 2->0.85, Wiek: 23->30.54, Opłata: 11.50->0;, Rodzice/Dzieci: 1->5, Płeć: mężczyzna->kobieta;, Klasa: 2->1, Rodzice/Dzieci: 1->1.80, Rodzeństwo/Małżonkowie: 2->3.11;, Wiek: 23->17.43;","4","1","4","1","1","5","4","1","4","1","4","2","1","1","3","1","3","3","1","1","1","1","5","5","1","4","<19","Szkoła średnia","Uczeń szkolny",""
"xXE72Pr","WO826pP","2025-12-09 21:53:28","Tak","Tak","Nie","","","","","","","","","","","","2","2","1","5","4","3","1","1","1","1","4","4","4","4","1","4","5","3","3","3","1","3","2","3","1","5","2","4","1","5","1","3","4","5","Wiek: 56->64, Opłata: 35.50->27.72;, Rodzeństwo/Małżonkowie: 0->5, Płeć: mężczyzna->kobieta;, Klasa: 1->3, Płeć: mężczyzna->kobieta, Wiek: 56->28.83, Opłata: 35.50->0, Rodzeństwo/Małżonkowie: 0->0.65;, Rodzeństwo/Małżonkowie: 0->3, Klasa: 1->3;, Płeć: mężczyzna->kobieta, Wiek: 56->43.46, Opłata: 35.50->61.39;, Wiek: 56->17.50, Płeć: mężczyzna->kobieta;, Rodzeństwo/Małżonkowie: 0->5, Opłata: 35.50->250.89;, Opłata: 35.50->40.75, Rodzeństwo/Małżonkowie: 0->0.10, Wiek: 56->57.07;, Rodzeństwo/Małżonkowie: 0->1.11;","Klasa: 2->1, Rodzice/Dzieci: 1->1.26, Rodzeństwo/Małżonkowie: 2->2.21, Wiek: 23->25.60, Opłata: 11.50->19.30;, Klasa: 2->3, Płeć: mężczyzna->kobieta, Rodzice/Dzieci: 1->0, Rodzeństwo/Małżonkowie: 2->0.85, Wiek: 23->30.54, Opłata: 11.50->0;, Klasa: 2->1, Rodzice/Dzieci: 1->1.80, Rodzeństwo/Małżonkowie: 2->3.11;, Wiek: 23->8, Rodzeństwo/Małżonkowie: 2->1, Opłata: 11.50->36.75;, Rodzeństwo/Małżonkowie: 2->7, Klasa: 2->1;, Wiek: 23->17.43;, Rodzice/Dzieci: 1->5, Płeć: mężczyzna->kobieta;, Wiek: 23->8.50;, Wiek: 23->3.70;","2","2","3","1","1","5","4","1","4","1","2","4","1","1","2","1","3","3","2","1","1","1","1","3","1","2","<19","Szkoła podstawowa","Uczeń szkolny",""
"Y5XbYPq","5BZbY7d","2025-12-09 21:59:05","Tak","Tak","Nie","","","","","","","","","","","","3","3","1","5","4","2","3","4","2","2","3","5","5","3","2","5","5","3","4","3","1","4","3","4","1","5","3","4","3","4","1","3","3","5","Wiek: 56->17.50, Płeć: mężczyzna->kobieta;, Rodzeństwo/Małżonkowie: 0->5, Płeć: mężczyzna->kobieta;, Rodzeństwo/Małżonkowie: 0->5, Opłata: 35.50->250.89;, Płeć: mężczyzna->kobieta, Wiek: 56->43.46, Opłata: 35.50->61.39;, Klasa: 1->3, Płeć: mężczyzna->kobieta, Wiek: 56->28.83, Opłata: 35.50->0, Rodzeństwo/Małżonkowie: 0->0.65;, Opłata: 35.50->40.75, Rodzeństwo/Małżonkowie: 0->0.10, Wiek: 56->57.07;, Wiek: 56->64, Opłata: 35.50->27.72;, Rodzeństwo/Małżonkowie: 0->1.11;, Rodzeństwo/Małżonkowie: 0->3, Klasa: 1->3;","Wiek: 23->8, Rodzeństwo/Małżonkowie: 2->1, Opłata: 11.50->36.75;, Wiek: 23->3.70;, Wiek: 23->8.50;, Wiek: 23->17.43;, Rodzice/Dzieci: 1->5, Płeć: mężczyzna->kobieta;, Klasa: 2->1, Rodzice/Dzieci: 1->1.26, Rodzeństwo/Małżonkowie: 2->2.21, Wiek: 23->25.60, Opłata: 11.50->19.30;, Klasa: 2->1, Rodzice/Dzieci: 1->1.80, Rodzeństwo/Małżonkowie: 2->3.11;, Rodzeństwo/Małżonkowie: 2->7, Klasa: 2->1;, Klasa: 2->3, Płeć: mężczyzna->kobieta, Rodzice/Dzieci: 1->0, Rodzeństwo/Małżonkowie: 2->0.85, Wiek: 23->30.54, Opłata: 11.50->0;","3","1","3","1","1","5","4","1","4","1","2","4","1","1","3","1","3","3","2","2","1","1","3","3","1","4","<19","Szkoła średnia","Sztuka / Media / Projektowanie",""
"obYZ7M1","7RNq0Ez","2025-12-09 22:08:08","Nie","Tak","Nie","","","","","","","","","","","","4","3","1","5","4","2","2","4","1","4","5","5","5","1","1","5","5","1","5","1","1","5","5","5","5","5","5","1","3","5","1","3","5","5","Rodzeństwo/Małżonkowie: 0->5, Opłata: 35.50->250.89;, Rodzeństwo/Małżonkowie: 0->3, Klasa: 1->3;, Płeć: mężczyzna->kobieta, Wiek: 56->43.46, Opłata: 35.50->61.39;, Klasa: 1->3, Płeć: mężczyzna->kobieta, Wiek: 56->28.83, Opłata: 35.50->0, Rodzeństwo/Małżonkowie: 0->0.65;, Wiek: 56->64, Opłata: 35.50->27.72;, Wiek: 56->17.50, Płeć: mężczyzna->kobieta;, Rodzeństwo/Małżonkowie: 0->5, Płeć: mężczyzna->kobieta;, Opłata: 35.50->40.75, Rodzeństwo/Małżonkowie: 0->0.10, Wiek: 56->57.07;, Rodzeństwo/Małżonkowie: 0->1.11;","Wiek: 23->8, Rodzeństwo/Małżonkowie: 2->1, Opłata: 11.50->36.75;, Klasa: 2->1, Rodzice/Dzieci: 1->1.80, Rodzeństwo/Małżonkowie: 2->3.11;, Klasa: 2->1, Rodzice/Dzieci: 1->1.26, Rodzeństwo/Małżonkowie: 2->2.21, Wiek: 23->25.60, Opłata: 11.50->19.30;, Rodzice/Dzieci: 1->5, Płeć: mężczyzna->kobieta;, Wiek: 23->17.43;, Rodzeństwo/Małżonkowie: 2->7, Klasa: 2->1;, Wiek: 23->8.50;, Klasa: 2->3, Płeć: mężczyzna->kobieta, Rodzice/Dzieci: 1->0, Rodzeństwo/Małżonkowie: 2->0.85, Wiek: 23->30.54, Opłata: 11.50->0;, Wiek: 23->3.70;","3","1","3","1","1","5","4","1","4","1","4","5","1","1","3","1","2","3","1","1","1","1","3","5","1","1","<19","Szkoła średnia","Uczeń szkolny",":)"
"A7NYq6l","pbDrq6P","2025-12-09 22:09:41","Tak","Tak","Nie","","","","","","","","","","","","4","2","1","4","3","2","4","4","1","3","3","3","5","4","2","4","4","2","3","2","1","4","3","2","1","5","3","4","1","4","1","3","2","5","Klasa: 1->3, Płeć: mężczyzna->kobieta, Wiek: 56->28.83, Opłata: 35.50->0, Rodzeństwo/Małżonkowie: 0->0.65;, Płeć: mężczyzna->kobieta, Wiek: 56->43.46, Opłata: 35.50->61.39;, Wiek: 56->17.50, Płeć: mężczyzna->kobieta;, Rodzeństwo/Małżonkowie: 0->5, Płeć: mężczyzna->kobieta;, Wiek: 56->64, Opłata: 35.50->27.72;, Opłata: 35.50->40.75, Rodzeństwo/Małżonkowie: 0->0.10, Wiek: 56->57.07;, Rodzeństwo/Małżonkowie: 0->5, Opłata: 35.50->250.89;, Rodzeństwo/Małżonkowie: 0->1.11;, Rodzeństwo/Małżonkowie: 0->3, Klasa: 1->3;","Wiek: 23->17.43;, Wiek: 23->8.50;, Wiek: 23->3.70;, Rodzice/Dzieci: 1->5, Płeć: mężczyzna->kobieta;, Klasa: 2->1, Rodzice/Dzieci: 1->1.26, Rodzeństwo/Małżonkowie: 2->2.21, Wiek: 23->25.60, Opłata: 11.50->19.30;, Klasa: 2->3, Płeć: mężczyzna->kobieta, Rodzice/Dzieci: 1->0, Rodzeństwo/Małżonkowie: 2->0.85, Wiek: 23->30.54, Opłata: 11.50->0;, Wiek: 23->8, Rodzeństwo/Małżonkowie: 2->1, Opłata: 11.50->36.75;, Klasa: 2->1, Rodzice/Dzieci: 1->1.80, Rodzeństwo/Małżonkowie: 2->3.11;, Rodzeństwo/Małżonkowie: 2->7, Klasa: 2->1;","3","1","4","1","2","5","4","1","5","1","2","4","1","2","2","1","2","2","1","3","1","1","1","4","1","3","19-26","Licencjat","Inżynieria",""
"GxaVBDj","q4RL8Og","2025-12-09 22:17:12","Tak","Tak","Nie","","","","","","","","","","","","3","4","1","5","5","3","2","5","1","3","5","4","5","2","2","4","5","3","4","2","1","4","4","5","1","5","4","5","2","3","1","2","4","2","Wiek: 56->17.50, Płeć: mężczyzna->kobieta;, Rodzeństwo/Małżonkowie: 0->5, Płeć: mężczyzna->kobieta;, Rodzeństwo/Małżonkowie: 0->5, Opłata: 35.50->250.89;, Klasa: 1->3, Płeć: mężczyzna->kobieta, Wiek: 56->28.83, Opłata: 35.50->0, Rodzeństwo/Małżonkowie: 0->0.65;, Płeć: mężczyzna->kobieta, Wiek: 56->43.46, Opłata: 35.50->61.39;, Rodzeństwo/Małżonkowie: 0->3, Klasa: 1->3;, Rodzeństwo/Małżonkowie: 0->1.11;, Opłata: 35.50->40.75, Rodzeństwo/Małżonkowie: 0->0.10, Wiek: 56->57.07;, Wiek: 56->64, Opłata: 35.50->27.72;","Rodzice/Dzieci: 1->5, Płeć: mężczyzna->kobieta;, Wiek: 23->17.43;, Rodzeństwo/Małżonkowie: 2->7, Klasa: 2->1;, Klasa: 2->1, Rodzice/Dzieci: 1->1.26, Rodzeństwo/Małżonkowie: 2->2.21, Wiek: 23->25.60, Opłata: 11.50->19.30;, Klasa: 2->3, Płeć: mężczyzna->kobieta, Rodzice/Dzieci: 1->0, Rodzeństwo/Małżonkowie: 2->0.85, Wiek: 23->30.54, Opłata: 11.50->0;, Klasa: 2->1, Rodzice/Dzieci: 1->1.80, Rodzeństwo/Małżonkowie: 2->3.11;, Wiek: 23->8, Rodzeństwo/Małżonkowie: 2->1, Opłata: 11.50->36.75;, Wiek: 23->8.50;, Wiek: 23->3.70;","4","2","5","1","2","5","5","1","5","1","4","2","1","1","4","2","4","3","3","1","1","1","3","4","2","2","19-26","Licencjat","Biznes / Zarządzanie",""
"yPrb0k6","RGDxyol","2025-12-09 22:27:42","Tak","Tak","Tak","Nie","Decyzje finansowe dotyczące pożyczek/kredytów, Rekomendacje produktów","false","true","false","false","true","false","false","false","","2","3","1","4","4","2","4","4","1","1","4","2","5","2","2","4","5","2","4","2","1","4","5","4","1","5","4","4","3","3","1","2","4","3","Rodzeństwo/Małżonkowie: 0->5, Opłata: 35.50->250.89;, Wiek: 56->17.50, Płeć: mężczyzna->kobieta;, Płeć: mężczyzna->kobieta, Wiek: 56->43.46, Opłata: 35.50->61.39;, Rodzeństwo/Małżonkowie: 0->5, Płeć: mężczyzna->kobieta;, Rodzeństwo/Małżonkowie: 0->1.11;, Klasa: 1->3, Płeć: mężczyzna->kobieta, Wiek: 56->28.83, Opłata: 35.50->0, Rodzeństwo/Małżonkowie: 0->0.65;, Wiek: 56->64, Opłata: 35.50->27.72;, Rodzeństwo/Małżonkowie: 0->3, Klasa: 1->3;, Opłata: 35.50->40.75, Rodzeństwo/Małżonkowie: 0->0.10, Wiek: 56->57.07;","Wiek: 23->8, Rodzeństwo/Małżonkowie: 2->1, Opłata: 11.50->36.75;, Wiek: 23->3.70;, Wiek: 23->8.50;, Rodzice/Dzieci: 1->5, Płeć: mężczyzna->kobieta;, Klasa: 2->1, Rodzice/Dzieci: 1->1.80, Rodzeństwo/Małżonkowie: 2->3.11;, Klasa: 2->1, Rodzice/Dzieci: 1->1.26, Rodzeństwo/Małżonkowie: 2->2.21, Wiek: 23->25.60, Opłata: 11.50->19.30;, Rodzeństwo/Małżonkowie: 2->7, Klasa: 2->1;, Wiek: 23->17.43;, Klasa: 2->3, Płeć: mężczyzna->kobieta, Rodzice/Dzieci: 1->0, Rodzeństwo/Małżonkowie: 2->0.85, Wiek: 23->30.54, Opłata: 11.50->0;","3","1","4","1","1","5","4","1","4","1","4","3","1","1","4","1","4","2","2","1","1","1","3","4","1","4","19-26","Licencjat","Sztuka / Media / Projektowanie",""
"EkeGNkA","xXJrqQr","2025-12-09 22:54:35","Nie","Tak","Nie","","","","","","","","","","","","2","3","1","5","5","3","2","5","1","3","4","4","5","5","1","5","5","5","4","4","1","3","4","5","1","5","4","2","2","3","1","2","4","5","Wiek: 56->64, Opłata: 35.50->27.72;, Rodzeństwo/Małżonkowie: 0->5, Płeć: mężczyzna->kobieta;, Wiek: 56->17.50, Płeć: mężczyzna->kobieta;, Klasa: 1->3, Płeć: mężczyzna->kobieta, Wiek: 56->28.83, Opłata: 35.50->0, Rodzeństwo/Małżonkowie: 0->0.65;, Rodzeństwo/Małżonkowie: 0->3, Klasa: 1->3;, Rodzeństwo/Małżonkowie: 0->1.11;, Opłata: 35.50->40.75, Rodzeństwo/Małżonkowie: 0->0.10, Wiek: 56->57.07;, Rodzeństwo/Małżonkowie: 0->5, Opłata: 35.50->250.89;, Płeć: mężczyzna->kobieta, Wiek: 56->43.46, Opłata: 35.50->61.39;","Klasa: 2->1, Rodzice/Dzieci: 1->1.80, Rodzeństwo/Małżonkowie: 2->3.11;, Klasa: 2->1, Rodzice/Dzieci: 1->1.26, Rodzeństwo/Małżonkowie: 2->2.21, Wiek: 23->25.60, Opłata: 11.50->19.30;, Klasa: 2->3, Płeć: mężczyzna->kobieta, Rodzice/Dzieci: 1->0, Rodzeństwo/Małżonkowie: 2->0.85, Wiek: 23->30.54, Opłata: 11.50->0;, Rodzeństwo/Małżonkowie: 2->7, Klasa: 2->1;, Rodzice/Dzieci: 1->5, Płeć: mężczyzna->kobieta;, Wiek: 23->8, Rodzeństwo/Małżonkowie: 2->1, Opłata: 11.50->36.75;, Wiek: 23->17.43;, Wiek: 23->8.50;, Wiek: 23->3.70;","3","2","3","2","1","5","4","1","4","1","1","4","1","1","4","1","4","3","3","2","1","1","4","4","1","4","19-26","Szkoła średnia","Edukacja",""
"kdXjoxj","yPJNGAd","2025-12-10 06:27:10","Tak","Tak","Tak","Tak, rzadko","Rekomendacje produktów","false","false","false","false","true","false","false","false","","1","4","1","5","4","3","1","4","1","2","4","4","5","2","1","4","5","3","3","2","1","2","3","3","1","4","4","4","2","4","1","3","4","4","Wiek: 56->17.50, Płeć: mężczyzna->kobieta;, Wiek: 56->64, Opłata: 35.50->27.72;, Klasa: 1->3, Płeć: mężczyzna->kobieta, Wiek: 56->28.83, Opłata: 35.50->0, Rodzeństwo/Małżonkowie: 0->0.65;, Rodzeństwo/Małżonkowie: 0->5, Opłata: 35.50->250.89;, Rodzeństwo/Małżonkowie: 0->5, Płeć: mężczyzna->kobieta;, Rodzeństwo/Małżonkowie: 0->1.11;, Opłata: 35.50->40.75, Rodzeństwo/Małżonkowie: 0->0.10, Wiek: 56->57.07;, Rodzeństwo/Małżonkowie: 0->3, Klasa: 1->3;, Płeć: mężczyzna->kobieta, Wiek: 56->43.46, Opłata: 35.50->61.39;","Wiek: 23->8.50;, Klasa: 2->1, Rodzice/Dzieci: 1->1.26, Rodzeństwo/Małżonkowie: 2->2.21, Wiek: 23->25.60, Opłata: 11.50->19.30;, Rodzeństwo/Małżonkowie: 2->7, Klasa: 2->1;, Wiek: 23->3.70;, Klasa: 2->3, Płeć: mężczyzna->kobieta, Rodzice/Dzieci: 1->0, Rodzeństwo/Małżonkowie: 2->0.85, Wiek: 23->30.54, Opłata: 11.50->0;, Rodzice/Dzieci: 1->5, Płeć: mężczyzna->kobieta;, Wiek: 23->17.43;, Wiek: 23->8, Rodzeństwo/Małżonkowie: 2->1, Opłata: 11.50->36.75;, Klasa: 2->1, Rodzice/Dzieci: 1->1.80, Rodzeństwo/Małżonkowie: 2->3.11;","2","1","4","1","3","4","4","1","4","1","3","4","1","1","3","1","3","1","3","1","2","1","3","3","2","2","<19","Szkoła podstawowa","Uczeń szkolny",""
"LZB4W9J","ob2DPOM","2025-12-10 08:12:21","Tak","Nie","Nie","","","","","","","","","","","","2","4","1","5","4","3","2","5","1","3","3","5","5","4","3","5","5","3","3","4","1","3","3","4","1","5","4","5","2","4","1","3","2","4","Wiek: 56->64, Opłata: 35.50->27.72;, Rodzeństwo/Małżonkowie: 0->1.11;, Rodzeństwo/Małżonkowie: 0->3, Klasa: 1->3;, Rodzeństwo/Małżonkowie: 0->5, Płeć: mężczyzna->kobieta;, Wiek: 56->17.50, Płeć: mężczyzna->kobieta;, Rodzeństwo/Małżonkowie: 0->5, Opłata: 35.50->250.89;, Płeć: mężczyzna->kobieta, Wiek: 56->43.46, Opłata: 35.50->61.39;, Opłata: 35.50->40.75, Rodzeństwo/Małżonkowie: 0->0.10, Wiek: 56->57.07;, Klasa: 1->3, Płeć: mężczyzna->kobieta, Wiek: 56->28.83, Opłata: 35.50->0, Rodzeństwo/Małżonkowie: 0->0.65;","Wiek: 23->17.43;, Wiek: 23->3.70;, Wiek: 23->8.50;, Rodzeństwo/Małżonkowie: 2->7, Klasa: 2->1;, Rodzice/Dzieci: 1->5, Płeć: mężczyzna->kobieta;, Klasa: 2->1, Rodzice/Dzieci: 1->1.80, Rodzeństwo/Małżonkowie: 2->3.11;, Wiek: 23->8, Rodzeństwo/Małżonkowie: 2->1, Opłata: 11.50->36.75;, Klasa: 2->1, Rodzice/Dzieci: 1->1.26, Rodzeństwo/Małżonkowie: 2->2.21, Wiek: 23->25.60, Opłata: 11.50->19.30;, Klasa: 2->3, Płeć: mężczyzna->kobieta, Rodzice/Dzieci: 1->0, Rodzeństwo/Małżonkowie: 2->0.85, Wiek: 23->30.54, Opłata: 11.50->0;","3","1","4","1","2","5","5","2","5","1","4","4","2","1","4","1","3","3","3","2","2","1","3","5","3","5","19-26","Szkoła średnia","Informatyka / Inżynieria oprogramowania",""
"1AzQybL","7RNLKbZ","2025-12-10 10:00:47","Nie","Tak","Tak","Nie","Rekomendacje produktów, Zatrudnianie i rekrutacja, Strategia biznesowa","false","false","true","false","true","false","true","false","","1","2","1","3","3","2","1","2","1","1","3","4","4","2","1","2","5","1","1","1","1","1","1","3","1","5","1","3","1","3","1","3","1","3","Wiek: 56->17.50, Płeć: mężczyzna->kobieta;, Płeć: mężczyzna->kobieta, Wiek: 56->43.46, Opłata: 35.50->61.39;, Klasa: 1->3, Płeć: mężczyzna->kobieta, Wiek: 56->28.83, Opłata: 35.50->0, Rodzeństwo/Małżonkowie: 0->0.65;, Rodzeństwo/Małżonkowie: 0->5, Płeć: mężczyzna->kobieta;, Opłata: 35.50->40.75, Rodzeństwo/Małżonkowie: 0->0.10, Wiek: 56->57.07;, Wiek: 56->64, Opłata: 35.50->27.72;, Rodzeństwo/Małżonkowie: 0->3, Klasa: 1->3;, Rodzeństwo/Małżonkowie: 0->1.11;, Rodzeństwo/Małżonkowie: 0->5, Opłata: 35.50->250.89;","Wiek: 23->17.43;, Rodzeństwo/Małżonkowie: 2->7, Klasa: 2->1;, Rodzice/Dzieci: 1->5, Płeć: mężczyzna->kobieta;, Klasa: 2->1, Rodzice/Dzieci: 1->1.80, Rodzeństwo/Małżonkowie: 2->3.11;, Wiek: 23->8, Rodzeństwo/Małżonkowie: 2->1, Opłata: 11.50->36.75;, Klasa: 2->1, Rodzice/Dzieci: 1->1.26, Rodzeństwo/Małżonkowie: 2->2.21, Wiek: 23->25.60, Opłata: 11.50->19.30;, Klasa: 2->3, Płeć: mężczyzna->kobieta, Rodzice/Dzieci: 1->0, Rodzeństwo/Małżonkowie: 2->0.85, Wiek: 23->30.54, Opłata: 11.50->0;, Wiek: 23->8.50;, Wiek: 23->3.70;","1","1","2","1","1","5","2","1","2","1","2","1","1","1","1","1","1","1","1","1","1","1","1","2","1","2","<19","Szkoła podstawowa","Uczeń szkolny",""
"lbX8PQW","OD74LMK","2025-12-10 11:12:11","Tak","Tak","Nie","","","","","","","","","","","","2","1","1","3","4","2","2","3","1","2","2","3","4","1","2","4","4","3","4","3","1","4","1","3","1","5","1","2","1","2","1","2","1","2","Wiek: 56->17.50, Płeć: mężczyzna->kobieta;, Klasa: 1->3, Płeć: mężczyzna->kobieta, Wiek: 56->28.83, Opłata: 35.50->0, Rodzeństwo/Małżonkowie: 0->0.65;, Płeć: mężczyzna->kobieta, Wiek: 56->43.46, Opłata: 35.50->61.39;, Rodzeństwo/Małżonkowie: 0->5, Płeć: mężczyzna->kobieta;, Opłata: 35.50->40.75, Rodzeństwo/Małżonkowie: 0->0.10, Wiek: 56->57.07;, Rodzeństwo/Małżonkowie: 0->3, Klasa: 1->3;, Rodzeństwo/Małżonkowie: 0->1.11;, Wiek: 56->64, Opłata: 35.50->27.72;, Rodzeństwo/Małżonkowie: 0->5, Opłata: 35.50->250.89;","Rodzice/Dzieci: 1->5, Płeć: mężczyzna->kobieta;, Klasa: 2->1, Rodzice/Dzieci: 1->1.80, Rodzeństwo/Małżonkowie: 2->3.11;, Klasa: 2->3, Płeć: mężczyzna->kobieta, Rodzice/Dzieci: 1->0, Rodzeństwo/Małżonkowie: 2->0.85, Wiek: 23->30.54, Opłata: 11.50->0;, Klasa: 2->1, Rodzice/Dzieci: 1->1.26, Rodzeństwo/Małżonkowie: 2->2.21, Wiek: 23->25.60, Opłata: 11.50->19.30;, Wiek: 23->8, Rodzeństwo/Małżonkowie: 2->1, Opłata: 11.50->36.75;, Wiek: 23->17.43;, Wiek: 23->8.50;, Wiek: 23->3.70;, Rodzeństwo/Małżonkowie: 2->7, Klasa: 2->1;","3","1","3","1","1","5","4","1","5","1","2","4","1","1","3","1","1","1","1","1","1","1","1","3","1","1","27-45","Licencjat","Biznes / Zarządzanie",""
"RG1yGK4","eqaQ7ax","2025-12-10 11:23:39","Tak","Tak","Nie","","","","","","","","","","","","2","3","1","5","4","4","2","4","1","1","4","5","5","1","1","5","5","1","4","1","1","5","2","4","1","5","5","5","2","4","1","4","1","3","Płeć: mężczyzna->kobieta, Wiek: 56->43.46, Opłata: 35.50->61.39;, Rodzeństwo/Małżonkowie: 0->5, Płeć: mężczyzna->kobieta;, Wiek: 56->17.50, Płeć: mężczyzna->kobieta;, Klasa: 1->3, Płeć: mężczyzna->kobieta, Wiek: 56->28.83, Opłata: 35.50->0, Rodzeństwo/Małżonkowie: 0->0.65;, Opłata: 35.50->40.75, Rodzeństwo/Małżonkowie: 0->0.10, Wiek: 56->57.07;, Wiek: 56->64, Opłata: 35.50->27.72;, Rodzeństwo/Małżonkowie: 0->5, Opłata: 35.50->250.89;, Rodzeństwo/Małżonkowie: 0->1.11;, Rodzeństwo/Małżonkowie: 0->3, Klasa: 1->3;","Wiek: 23->17.43;, Klasa: 2->1, Rodzice/Dzieci: 1->1.26, Rodzeństwo/Małżonkowie: 2->2.21, Wiek: 23->25.60, Opłata: 11.50->19.30;, Wiek: 23->8, Rodzeństwo/Małżonkowie: 2->1, Opłata: 11.50->36.75;, Klasa: 2->1, Rodzice/Dzieci: 1->1.80, Rodzeństwo/Małżonkowie: 2->3.11;, Wiek: 23->3.70;, Wiek: 23->8.50;, Klasa: 2->3, Płeć: mężczyzna->kobieta, Rodzice/Dzieci: 1->0, Rodzeństwo/Małżonkowie: 2->0.85, Wiek: 23->30.54, Opłata: 11.50->0;, Rodzice/Dzieci: 1->5, Płeć: mężczyzna->kobieta;, Rodzeństwo/Małżonkowie: 2->7, Klasa: 2->1;","2","1","4","1","1","5","4","1","4","1","4","4","1","1","1","1","2","3","1","1","1","1","2","3","1","1","27-45","Tytuł magistra","Informatyka / Inżynieria oprogramowania",""
"GxaPEdZ","jalokBJ","2025-12-10 17:22:05","Tak","Tak","Tak","Tak, rzadko","Zatrudnianie i rekrutacja, Strategia biznesowa, Decyzje dotyczące diagnozy medycznej","true","false","true","false","false","false","true","false","","2","4","1","5","5","3","1","5","1","4","3","5","5","4","1","5","5","4","4","2","1","5","3","5","1","5","4","5","2","4","1","4","3","5","Wiek: 56->64, Opłata: 35.50->27.72;, Opłata: 35.50->40.75, Rodzeństwo/Małżonkowie: 0->0.10, Wiek: 56->57.07;, Wiek: 56->17.50, Płeć: mężczyzna->kobieta;, Rodzeństwo/Małżonkowie: 0->1.11;, Rodzeństwo/Małżonkowie: 0->3, Klasa: 1->3;, Klasa: 1->3, Płeć: mężczyzna->kobieta, Wiek: 56->28.83, Opłata: 35.50->0, Rodzeństwo/Małżonkowie: 0->0.65;, Rodzeństwo/Małżonkowie: 0->5, Opłata: 35.50->250.89;, Rodzeństwo/Małżonkowie: 0->5, Płeć: mężczyzna->kobieta;, Płeć: mężczyzna->kobieta, Wiek: 56->43.46, Opłata: 35.50->61.39;","Wiek: 23->8.50;, Klasa: 2->1, Rodzice/Dzieci: 1->1.26, Rodzeństwo/Małżonkowie: 2->2.21, Wiek: 23->25.60, Opłata: 11.50->19.30;, Rodzeństwo/Małżonkowie: 2->7, Klasa: 2->1;, Klasa: 2->1, Rodzice/Dzieci: 1->1.80, Rodzeństwo/Małżonkowie: 2->3.11;, Rodzice/Dzieci: 1->5, Płeć: mężczyzna->kobieta;, Wiek: 23->17.43;, Wiek: 23->8, Rodzeństwo/Małżonkowie: 2->1, Opłata: 11.50->36.75;, Klasa: 2->3, Płeć: mężczyzna->kobieta, Rodzice/Dzieci: 1->0, Rodzeństwo/Małżonkowie: 2->0.85, Wiek: 23->30.54, Opłata: 11.50->0;, Wiek: 23->3.70;","2","3","2","1","1","5","4","1","3","1","4","2","1","1","4","1","2","1","1","2","1","1","2","5","1","4","27-45","Licencjat","Informatyka / Inżynieria oprogramowania",""
"GxaGXqZ","Zj2O4de","2025-12-10 20:17:35","Nie","Nie","Nie","","","","","","","","","","","","1","4","1","4","4","4","1","4","1","4","3","4","5","4","1","5","5","4","4","4","1","3","3","4","1","5","4","4","4","4","1","2","5","5","Opłata: 35.50->40.75, Rodzeństwo/Małżonkowie: 0->0.10, Wiek: 56->57.07;, Klasa: 1->3, Płeć: mężczyzna->kobieta, Wiek: 56->28.83, Opłata: 35.50->0, Rodzeństwo/Małżonkowie: 0->0.65;, Rodzeństwo/Małżonkowie: 0->1.11;, Wiek: 56->17.50, Płeć: mężczyzna->kobieta;, Wiek: 56->64, Opłata: 35.50->27.72;, Rodzeństwo/Małżonkowie: 0->3, Klasa: 1->3;, Rodzeństwo/Małżonkowie: 0->5, Płeć: mężczyzna->kobieta;, Rodzeństwo/Małżonkowie: 0->5, Opłata: 35.50->250.89;, Płeć: mężczyzna->kobieta, Wiek: 56->43.46, Opłata: 35.50->61.39;","Wiek: 23->8, Rodzeństwo/Małżonkowie: 2->1, Opłata: 11.50->36.75;, Klasa: 2->3, Płeć: mężczyzna->kobieta, Rodzice/Dzieci: 1->0, Rodzeństwo/Małżonkowie: 2->0.85, Wiek: 23->30.54, Opłata: 11.50->0;, Wiek: 23->3.70;, Wiek: 23->17.43;, Wiek: 23->8.50;, Rodzice/Dzieci: 1->5, Płeć: mężczyzna->kobieta;, Rodzeństwo/Małżonkowie: 2->7, Klasa: 2->1;, Klasa: 2->1, Rodzice/Dzieci: 1->1.26, Rodzeństwo/Małżonkowie: 2->2.21, Wiek: 23->25.60, Opłata: 11.50->19.30;, Klasa: 2->1, Rodzice/Dzieci: 1->1.80, Rodzeństwo/Małżonkowie: 2->3.11;","3","1","4","1","1","1","4","1","4","1","3","1","1","1","4","1","2","1","1","2","1","1","2","4","1","3","46-65","Tytuł magistra","Inny","Służby mundurowe"
"RG1N6XP","EkxxlPN","2025-12-10 21:24:20","Tak","Tak","Nie","","","","","","","","","","","","2","3","1","5","4","3","2","4","1","4","4","5","5","4","1","4","5","3","3","2","1","3","2","4","1","5","3","4","1","3","1","1","2","4","Rodzeństwo/Małżonkowie: 0->5, Płeć: mężczyzna->kobieta;, Rodzeństwo/Małżonkowie: 0->5, Opłata: 35.50->250.89;, Wiek: 56->17.50, Płeć: mężczyzna->kobieta;, Klasa: 1->3, Płeć: mężczyzna->kobieta, Wiek: 56->28.83, Opłata: 35.50->0, Rodzeństwo/Małżonkowie: 0->0.65;, Rodzeństwo/Małżonkowie: 0->3, Klasa: 1->3;, Płeć: mężczyzna->kobieta, Wiek: 56->43.46, Opłata: 35.50->61.39;, Rodzeństwo/Małżonkowie: 0->1.11;, Opłata: 35.50->40.75, Rodzeństwo/Małżonkowie: 0->0.10, Wiek: 56->57.07;, Wiek: 56->64, Opłata: 35.50->27.72;","Wiek: 23->3.70;, Rodzice/Dzieci: 1->5, Płeć: mężczyzna->kobieta;, Wiek: 23->8.50;, Wiek: 23->8, Rodzeństwo/Małżonkowie: 2->1, Opłata: 11.50->36.75;, Wiek: 23->17.43;, Klasa: 2->1, Rodzice/Dzieci: 1->1.80, Rodzeństwo/Małżonkowie: 2->3.11;, Rodzeństwo/Małżonkowie: 2->7, Klasa: 2->1;, Klasa: 2->1, Rodzice/Dzieci: 1->1.26, Rodzeństwo/Małżonkowie: 2->2.21, Wiek: 23->25.60, Opłata: 11.50->19.30;, Klasa: 2->3, Płeć: mężczyzna->kobieta, Rodzice/Dzieci: 1->0, Rodzeństwo/Małżonkowie: 2->0.85, Wiek: 23->30.54, Opłata: 11.50->0;","3","1","4","2","1","5","4","1","5","1","2","4","1","1","4","1","3","3","2","1","1","1","2","3","1","3","19-26","Szkoła średnia","Inny","Obsługa maszyn gnących i montaż elementów powstałych "
"zx49ABg","0QeeeZZ","2025-12-10 21:36:36","Tak","Tak","Nie","","","","","","","","","","","","2","4","1","5","4","2","3","3","1","2","4","5","5","4","2","5","5","4","4","4","1","5","4","5","1","5","4","4","3","4","1","3","4","5","Wiek: 56->64, Opłata: 35.50->27.72;, Rodzeństwo/Małżonkowie: 0->3, Klasa: 1->3;, Rodzeństwo/Małżonkowie: 0->1.11;, Rodzeństwo/Małżonkowie: 0->5, Opłata: 35.50->250.89;, Opłata: 35.50->40.75, Rodzeństwo/Małżonkowie: 0->0.10, Wiek: 56->57.07;, Rodzeństwo/Małżonkowie: 0->5, Płeć: mężczyzna->kobieta;, Płeć: mężczyzna->kobieta, Wiek: 56->43.46, Opłata: 35.50->61.39;, Wiek: 56->17.50, Płeć: mężczyzna->kobieta;, Klasa: 1->3, Płeć: mężczyzna->kobieta, Wiek: 56->28.83, Opłata: 35.50->0, Rodzeństwo/Małżonkowie: 0->0.65;","Wiek: 23->17.43;, Klasa: 2->1, Rodzice/Dzieci: 1->1.26, Rodzeństwo/Małżonkowie: 2->2.21, Wiek: 23->25.60, Opłata: 11.50->19.30;, Rodzeństwo/Małżonkowie: 2->7, Klasa: 2->1;, Klasa: 2->1, Rodzice/Dzieci: 1->1.80, Rodzeństwo/Małżonkowie: 2->3.11;, Wiek: 23->8, Rodzeństwo/Małżonkowie: 2->1, Opłata: 11.50->36.75;, Wiek: 23->8.50;, Rodzice/Dzieci: 1->5, Płeć: mężczyzna->kobieta;, Klasa: 2->3, Płeć: mężczyzna->kobieta, Rodzice/Dzieci: 1->0, Rodzeństwo/Małżonkowie: 2->0.85, Wiek: 23->30.54, Opłata: 11.50->0;, Wiek: 23->3.70;","4","2","4","1","2","5","4","1","4","1","4","4","1","1","4","1","4","3","3","2","2","1","3","4","1","4","19-26","Szkoła średnia","AI / Machine Learning / Data Science",""
"D498RER","rjooPZX","2025-12-10 21:50:25","Nie","Tak","Nie","","","","","","","","","","","","2","3","1","4","5","2","2","2","2","1","4","3","5","1","3","4","5","1","4","1","1","4","4","2","1","5","4","3","2","3","1","2","3","4","Wiek: 56->17.50, Płeć: mężczyzna->kobieta;, Klasa: 1->3, Płeć: mężczyzna->kobieta, Wiek: 56->28.83, Opłata: 35.50->0, Rodzeństwo/Małżonkowie: 0->0.65;, Płeć: mężczyzna->kobieta, Wiek: 56->43.46, Opłata: 35.50->61.39;, Rodzeństwo/Małżonkowie: 0->5, Płeć: mężczyzna->kobieta;, Rodzeństwo/Małżonkowie: 0->5, Opłata: 35.50->250.89;, Opłata: 35.50->40.75, Rodzeństwo/Małżonkowie: 0->0.10, Wiek: 56->57.07;, Wiek: 56->64, Opłata: 35.50->27.72;, Rodzeństwo/Małżonkowie: 0->3, Klasa: 1->3;, Rodzeństwo/Małżonkowie: 0->1.11;","Wiek: 23->3.70;, Wiek: 23->8.50;, Wiek: 23->8, Rodzeństwo/Małżonkowie: 2->1, Opłata: 11.50->36.75;, Klasa: 2->1, Rodzice/Dzieci: 1->1.26, Rodzeństwo/Małżonkowie: 2->2.21, Wiek: 23->25.60, Opłata: 11.50->19.30;, Klasa: 2->1, Rodzice/Dzieci: 1->1.80, Rodzeństwo/Małżonkowie: 2->3.11;, Rodzeństwo/Małżonkowie: 2->7, Klasa: 2->1;, Rodzice/Dzieci: 1->5, Płeć: mężczyzna->kobieta;, Klasa: 2->3, Płeć: mężczyzna->kobieta, Rodzice/Dzieci: 1->0, Rodzeństwo/Małżonkowie: 2->0.85, Wiek: 23->30.54, Opłata: 11.50->0;, Wiek: 23->17.43;","2","1","3","1","1","5","4","1","4","1","3","3","2","2","3","1","3","3","2","2","1","1","3","4","1","2","19-26","Licencjat","Sztuka / Media / Projektowanie",""
"5Bo7PXQ","b5WWxqg","2025-12-10 21:52:58","Nie","Tak","Nie","","","","","","","","","","","","2","3","1","5","3","3","2","4","2","3","4","5","4","4","1","4","4","3","4","2","1","4","3","4","1","5","3","5","3","4","2","2","4","4","Płeć: mężczyzna->kobieta, Wiek: 56->43.46, Opłata: 35.50->61.39;, Rodzeństwo/Małżonkowie: 0->5, Płeć: mężczyzna->kobieta;, Wiek: 56->17.50, Płeć: mężczyzna->kobieta;, Rodzeństwo/Małżonkowie: 0->5, Opłata: 35.50->250.89;, Opłata: 35.50->40.75, Rodzeństwo/Małżonkowie: 0->0.10, Wiek: 56->57.07;, Rodzeństwo/Małżonkowie: 0->3, Klasa: 1->3;, Rodzeństwo/Małżonkowie: 0->1.11;, Wiek: 56->64, Opłata: 35.50->27.72;, Klasa: 1->3, Płeć: mężczyzna->kobieta, Wiek: 56->28.83, Opłata: 35.50->0, Rodzeństwo/Małżonkowie: 0->0.65;","Wiek: 23->8, Rodzeństwo/Małżonkowie: 2->1, Opłata: 11.50->36.75;, Rodzice/Dzieci: 1->5, Płeć: mężczyzna->kobieta;, Wiek: 23->3.70;, Wiek: 23->8.50;, Klasa: 2->1, Rodzice/Dzieci: 1->1.26, Rodzeństwo/Małżonkowie: 2->2.21, Wiek: 23->25.60, Opłata: 11.50->19.30;, Klasa: 2->1, Rodzice/Dzieci: 1->1.80, Rodzeństwo/Małżonkowie: 2->3.11;, Rodzeństwo/Małżonkowie: 2->7, Klasa: 2->1;, Wiek: 23->17.43;, Klasa: 2->3, Płeć: mężczyzna->kobieta, Rodzice/Dzieci: 1->0, Rodzeństwo/Małżonkowie: 2->0.85, Wiek: 23->30.54, Opłata: 11.50->0;","3","2","4","1","1","5","3","2","3","2","1","4","2","1","3","3","2","4","2","2","1","1","2","4","1","4","19-26","Licencjat","Nauki przyrodnicze",""
"7ROAyD9","jallBQJ","2025-12-10 22:16:24","Tak","Tak","Nie","","","","","","","","","","","","4","2","2","5","5","5","1","4","1","4","5","5","5","3","1","5","5","3","4","2","1","4","3","4","1","5","5","4","1","3","1","2","4","5","Klasa: 1->3, Płeć: mężczyzna->kobieta, Wiek: 56->28.83, Opłata: 35.50->0, Rodzeństwo/Małżonkowie: 0->0.65;, Wiek: 56->17.50, Płeć: mężczyzna->kobieta;, Rodzeństwo/Małżonkowie: 0->5, Płeć: mężczyzna->kobieta;, Płeć: mężczyzna->kobieta, Wiek: 56->43.46, Opłata: 35.50->61.39;, Rodzeństwo/Małżonkowie: 0->1.11;, Rodzeństwo/Małżonkowie: 0->3, Klasa: 1->3;, Opłata: 35.50->40.75, Rodzeństwo/Małżonkowie: 0->0.10, Wiek: 56->57.07;, Rodzeństwo/Małżonkowie: 0->5, Opłata: 35.50->250.89;, Wiek: 56->64, Opłata: 35.50->27.72;","Wiek: 23->8.50;, Wiek: 23->3.70;, Wiek: 23->8, Rodzeństwo/Małżonkowie: 2->1, Opłata: 11.50->36.75;, Rodzice/Dzieci: 1->5, Płeć: mężczyzna->kobieta;, Klasa: 2->1, Rodzice/Dzieci: 1->1.80, Rodzeństwo/Małżonkowie: 2->3.11;, Klasa: 2->3, Płeć: mężczyzna->kobieta, Rodzice/Dzieci: 1->0, Rodzeństwo/Małżonkowie: 2->0.85, Wiek: 23->30.54, Opłata: 11.50->0;, Klasa: 2->1, Rodzice/Dzieci: 1->1.26, Rodzeństwo/Małżonkowie: 2->2.21, Wiek: 23->25.60, Opłata: 11.50->19.30;, Rodzeństwo/Małżonkowie: 2->7, Klasa: 2->1;, Wiek: 23->17.43;","3","1","4","1","1","5","5","1","5","1","2","4","1","1","4","1","2","3","2","3","1","1","3","4","1","1","19-26","Szkoła średnia","Informatyka / Inżynieria oprogramowania",""
"ODK2p1M","0QeeLMZ","2025-12-10 22:51:33","Nie","Tak","Nie","","","","","","","","","","","","1","1","1","5","3","1","2","4","1","1","4","1","5","4","4","5","5","4","5","4","1","3","4","5","1","5","4","2","2","4","2","1","5","1","Rodzeństwo/Małżonkowie: 0->5, Płeć: mężczyzna->kobieta;, Klasa: 1->3, Płeć: mężczyzna->kobieta, Wiek: 56->28.83, Opłata: 35.50->0, Rodzeństwo/Małżonkowie: 0->0.65;, Rodzeństwo/Małżonkowie: 0->3, Klasa: 1->3;, Opłata: 35.50->40.75, Rodzeństwo/Małżonkowie: 0->0.10, Wiek: 56->57.07;, Płeć: mężczyzna->kobieta, Wiek: 56->43.46, Opłata: 35.50->61.39;, Wiek: 56->64, Opłata: 35.50->27.72;, Rodzeństwo/Małżonkowie: 0->5, Opłata: 35.50->250.89;, Wiek: 56->17.50, Płeć: mężczyzna->kobieta;, Rodzeństwo/Małżonkowie: 0->1.11;","Klasa: 2->1, Rodzice/Dzieci: 1->1.26, Rodzeństwo/Małżonkowie: 2->2.21, Wiek: 23->25.60, Opłata: 11.50->19.30;, Wiek: 23->8, Rodzeństwo/Małżonkowie: 2->1, Opłata: 11.50->36.75;, Wiek: 23->8.50;, Wiek: 23->3.70;, Wiek: 23->17.43;, Rodzice/Dzieci: 1->5, Płeć: mężczyzna->kobieta;, Klasa: 2->3, Płeć: mężczyzna->kobieta, Rodzice/Dzieci: 1->0, Rodzeństwo/Małżonkowie: 2->0.85, Wiek: 23->30.54, Opłata: 11.50->0;, Klasa: 2->1, Rodzice/Dzieci: 1->1.80, Rodzeństwo/Małżonkowie: 2->3.11;, Rodzeństwo/Małżonkowie: 2->7, Klasa: 2->1;","2","1","2","1","1","5","5","1","5","1","3","3","1","1","2","1","2","1","1","1","1","1","1","4","1","4","19-26","Szkoła średnia","Sztuka / Media / Projektowanie",""
"pbXQbG1","RGDDYej","2025-12-10 23:09:14","Tak","Tak","Tak","Tak, rzadko","Decyzje dotyczące diagnozy medycznej, Rekomendacje produktów, Strategia biznesowa, Badania naukowe","true","false","false","false","true","true","true","false","","2","5","1","5","3","4","1","2","1","2","2","5","5","3","1","5","4","3","2","2","1","3","2","4","1","5","4","4","1","4","1","2","4","5","Płeć: mężczyzna->kobieta, Wiek: 56->43.46, Opłata: 35.50->61.39;, Wiek: 56->17.50, Płeć: mężczyzna->kobieta;, Rodzeństwo/Małżonkowie: 0->5, Płeć: mężczyzna->kobieta;, Klasa: 1->3, Płeć: mężczyzna->kobieta, Wiek: 56->28.83, Opłata: 35.50->0, Rodzeństwo/Małżonkowie: 0->0.65;, Rodzeństwo/Małżonkowie: 0->3, Klasa: 1->3;, Rodzeństwo/Małżonkowie: 0->1.11;, Opłata: 35.50->40.75, Rodzeństwo/Małżonkowie: 0->0.10, Wiek: 56->57.07;, Rodzeństwo/Małżonkowie: 0->5, Opłata: 35.50->250.89;, Wiek: 56->64, Opłata: 35.50->27.72;","Rodzice/Dzieci: 1->5, Płeć: mężczyzna->kobieta;, Klasa: 2->3, Płeć: mężczyzna->kobieta, Rodzice/Dzieci: 1->0, Rodzeństwo/Małżonkowie: 2->0.85, Wiek: 23->30.54, Opłata: 11.50->0;, Wiek: 23->3.70;, Wiek: 23->8.50;, Wiek: 23->8, Rodzeństwo/Małżonkowie: 2->1, Opłata: 11.50->36.75;, Rodzeństwo/Małżonkowie: 2->7, Klasa: 2->1;, Klasa: 2->1, Rodzice/Dzieci: 1->1.80, Rodzeństwo/Małżonkowie: 2->3.11;, Wiek: 23->17.43;, Klasa: 2->1, Rodzice/Dzieci: 1->1.26, Rodzeństwo/Małżonkowie: 2->2.21, Wiek: 23->25.60, Opłata: 11.50->19.30;","4","1","4","1","1","5","4","1","4","1","3","3","1","1","4","1","3","3","2","2","1","1","3","5","1","1","19-26","Licencjat","AI / Machine Learning / Data Science",""
"RG1AGjd","yPJJvOB","2025-12-10 23:10:55","Tak","Tak","Tak","Tak, rzadko","Decyzje dotyczące diagnozy medycznej, Decyzje prawne/sądowe","true","false","false","true","false","false","false","false","","2","2","1","5","4","3","2","5","1","1","4","5","5","5","2","5","5","3","5","3","1","4","2","4","1","5","5","5","1","4","1","2","3","5","Klasa: 1->3, Płeć: mężczyzna->kobieta, Wiek: 56->28.83, Opłata: 35.50->0, Rodzeństwo/Małżonkowie: 0->0.65;, Płeć: mężczyzna->kobieta, Wiek: 56->43.46, Opłata: 35.50->61.39;, Wiek: 56->17.50, Płeć: mężczyzna->kobieta;, Opłata: 35.50->40.75, Rodzeństwo/Małżonkowie: 0->0.10, Wiek: 56->57.07;, Rodzeństwo/Małżonkowie: 0->1.11;, Rodzeństwo/Małżonkowie: 0->5, Opłata: 35.50->250.89;, Wiek: 56->64, Opłata: 35.50->27.72;, Rodzeństwo/Małżonkowie: 0->3, Klasa: 1->3;, Rodzeństwo/Małżonkowie: 0->5, Płeć: mężczyzna->kobieta;","Wiek: 23->17.43;, Wiek: 23->3.70;, Wiek: 23->8.50;, Klasa: 2->1, Rodzice/Dzieci: 1->1.26, Rodzeństwo/Małżonkowie: 2->2.21, Wiek: 23->25.60, Opłata: 11.50->19.30;, Rodzice/Dzieci: 1->5, Płeć: mężczyzna->kobieta;, Rodzeństwo/Małżonkowie: 2->7, Klasa: 2->1;, Wiek: 23->8, Rodzeństwo/Małżonkowie: 2->1, Opłata: 11.50->36.75;, Klasa: 2->1, Rodzice/Dzieci: 1->1.80, Rodzeństwo/Małżonkowie: 2->3.11;, Klasa: 2->3, Płeć: mężczyzna->kobieta, Rodzice/Dzieci: 1->0, Rodzeństwo/Małżonkowie: 2->0.85, Wiek: 23->30.54, Opłata: 11.50->0;","4","1","4","1","2","5","5","1","5","1","4","4","1","1","4","1","4","1","3","3","1","1","3","4","1","4","19-26","Licencjat","Informatyka / Inżynieria oprogramowania",""
"q4Xy2Od","RGDP8yP","2025-12-11 09:28:44","Tak","Tak","Tak","Nie","Badania naukowe, Decyzje prawne/sądowe, Rekomendacje produktów, Decyzje finansowe dotyczące pożyczek/kredytów, Decyzje dotyczące diagnozy medycznej","true","true","false","true","true","true","false","false","","3","3","1","3","4","3","1","4","1","2","4","4","4","3","3","4","4","3","4","3","1","3","4","3","1","5","2","4","2","3","1","3","3","4","Opłata: 35.50->40.75, Rodzeństwo/Małżonkowie: 0->0.10, Wiek: 56->57.07;, Wiek: 56->64, Opłata: 35.50->27.72;, Rodzeństwo/Małżonkowie: 0->3, Klasa: 1->3;, Klasa: 1->3, Płeć: mężczyzna->kobieta, Wiek: 56->28.83, Opłata: 35.50->0, Rodzeństwo/Małżonkowie: 0->0.65;, Rodzeństwo/Małżonkowie: 0->5, Opłata: 35.50->250.89;, Rodzeństwo/Małżonkowie: 0->1.11;, Rodzeństwo/Małżonkowie: 0->5, Płeć: mężczyzna->kobieta;, Wiek: 56->17.50, Płeć: mężczyzna->kobieta;, Płeć: mężczyzna->kobieta, Wiek: 56->43.46, Opłata: 35.50->61.39;","Wiek: 23->8, Rodzeństwo/Małżonkowie: 2->1, Opłata: 11.50->36.75;, Wiek: 23->8.50;, Rodzeństwo/Małżonkowie: 2->7, Klasa: 2->1;, Klasa: 2->3, Płeć: mężczyzna->kobieta, Rodzice/Dzieci: 1->0, Rodzeństwo/Małżonkowie: 2->0.85, Wiek: 23->30.54, Opłata: 11.50->0;, Klasa: 2->1, Rodzice/Dzieci: 1->1.26, Rodzeństwo/Małżonkowie: 2->2.21, Wiek: 23->25.60, Opłata: 11.50->19.30;, Wiek: 23->17.43;, Klasa: 2->1, Rodzice/Dzieci: 1->1.80, Rodzeństwo/Małżonkowie: 2->3.11;, Rodzice/Dzieci: 1->5, Płeć: mężczyzna->kobieta;, Wiek: 23->3.70;","2","2","2","1","4","4","3","4","3","3","4","3","4","2","2","1","2","3","2","2","1","1","3","2","2","1","27-45","Tytuł magistra","Inżynieria",""
"Eke9zJr","LZPpvlO","2025-12-11 09:40:29","Tak","Tak","Nie","","","","","","","","","","","","3","5","1","5","4","4","2","4","1","3","3","5","5","1","3","5","5","1","4","2","1","5","3","3","1","5","4","4","1","4","1","4","4","5","Wiek: 56->17.50, Płeć: mężczyzna->kobieta;, Klasa: 1->3, Płeć: mężczyzna->kobieta, Wiek: 56->28.83, Opłata: 35.50->0, Rodzeństwo/Małżonkowie: 0->0.65;, Płeć: mężczyzna->kobieta, Wiek: 56->43.46, Opłata: 35.50->61.39;, Opłata: 35.50->40.75, Rodzeństwo/Małżonkowie: 0->0.10, Wiek: 56->57.07;, Rodzeństwo/Małżonkowie: 0->1.11;, Rodzeństwo/Małżonkowie: 0->5, Opłata: 35.50->250.89;, Rodzeństwo/Małżonkowie: 0->5, Płeć: mężczyzna->kobieta;, Rodzeństwo/Małżonkowie: 0->3, Klasa: 1->3;, Wiek: 56->64, Opłata: 35.50->27.72;","Wiek: 23->17.43;, Wiek: 23->8.50;, Klasa: 2->3, Płeć: mężczyzna->kobieta, Rodzice/Dzieci: 1->0, Rodzeństwo/Małżonkowie: 2->0.85, Wiek: 23->30.54, Opłata: 11.50->0;, Wiek: 23->8, Rodzeństwo/Małżonkowie: 2->1, Opłata: 11.50->36.75;, Rodzeństwo/Małżonkowie: 2->7, Klasa: 2->1;, Klasa: 2->1, Rodzice/Dzieci: 1->1.26, Rodzeństwo/Małżonkowie: 2->2.21, Wiek: 23->25.60, Opłata: 11.50->19.30;, Rodzice/Dzieci: 1->5, Płeć: mężczyzna->kobieta;, Klasa: 2->1, Rodzice/Dzieci: 1->1.80, Rodzeństwo/Małżonkowie: 2->3.11;, Wiek: 23->3.70;","4","1","3","1","1","5","4","1","4","1","3","3","1","1","3","1","2","1","2","2","1","1","2","4","1","2","27-45","Tytuł magistra","Informatyka / Inżynieria oprogramowania",""
"xXEKWvE","Zj2aqJ0","2025-12-11 12:44:18","Tak","Tak","Nie","","","","","","","","","","","","2","1","1","3","2","3","2","3","2","3","3","4","3","4","3","3","3","3","3","3","3","3","3","3","3","3","3","3","3","4","3","4","3","4","Wiek: 56->17.50, Płeć: mężczyzna->kobieta;, Rodzeństwo/Małżonkowie: 0->5, Płeć: mężczyzna->kobieta;, Klasa: 1->3, Płeć: mężczyzna->kobieta, Wiek: 56->28.83, Opłata: 35.50->0, Rodzeństwo/Małżonkowie: 0->0.65;, Wiek: 56->64, Opłata: 35.50->27.72;, Opłata: 35.50->40.75, Rodzeństwo/Małżonkowie: 0->0.10, Wiek: 56->57.07;, Płeć: mężczyzna->kobieta, Wiek: 56->43.46, Opłata: 35.50->61.39;, Rodzeństwo/Małżonkowie: 0->3, Klasa: 1->3;, Rodzeństwo/Małżonkowie: 0->5, Opłata: 35.50->250.89;, Rodzeństwo/Małżonkowie: 0->1.11;","Wiek: 23->3.70;, Rodzeństwo/Małżonkowie: 2->7, Klasa: 2->1;, Klasa: 2->3, Płeć: mężczyzna->kobieta, Rodzice/Dzieci: 1->0, Rodzeństwo/Małżonkowie: 2->0.85, Wiek: 23->30.54, Opłata: 11.50->0;, Wiek: 23->17.43;, Wiek: 23->8, Rodzeństwo/Małżonkowie: 2->1, Opłata: 11.50->36.75;, Klasa: 2->1, Rodzice/Dzieci: 1->1.80, Rodzeństwo/Małżonkowie: 2->3.11;, Klasa: 2->1, Rodzice/Dzieci: 1->1.26, Rodzeństwo/Małżonkowie: 2->2.21, Wiek: 23->25.60, Opłata: 11.50->19.30;, Rodzice/Dzieci: 1->5, Płeć: mężczyzna->kobieta;, Wiek: 23->8.50;","3","4","3","4","3","3","3","4","3","3","4","4","4","4","4","3","4","3","4","3","4","3","4","3","4","3","27-45","Tytuł magistra","Inny","Inny"
"XxdZoKg","rjoAaWR","2025-12-11 13:51:21","Nie","Tak","Nie","","","","","","","","","","","","1","4","2","1","4","1","1","1","1","4","3","2","3","4","1","2","3","1","2","1","1","2","2","5","1","1","2","4","2","1","1","4","2","3","Wiek: 56->64, Opłata: 35.50->27.72;, Rodzeństwo/Małżonkowie: 0->5, Opłata: 35.50->250.89;, Klasa: 1->3, Płeć: mężczyzna->kobieta, Wiek: 56->28.83, Opłata: 35.50->0, Rodzeństwo/Małżonkowie: 0->0.65;, Płeć: mężczyzna->kobieta, Wiek: 56->43.46, Opłata: 35.50->61.39;, Wiek: 56->17.50, Płeć: mężczyzna->kobieta;, Rodzeństwo/Małżonkowie: 0->5, Płeć: mężczyzna->kobieta;, Rodzeństwo/Małżonkowie: 0->1.11;, Rodzeństwo/Małżonkowie: 0->3, Klasa: 1->3;, Opłata: 35.50->40.75, Rodzeństwo/Małżonkowie: 0->0.10, Wiek: 56->57.07;","Klasa: 2->3, Płeć: mężczyzna->kobieta, Rodzice/Dzieci: 1->0, Rodzeństwo/Małżonkowie: 2->0.85, Wiek: 23->30.54, Opłata: 11.50->0;, Rodzeństwo/Małżonkowie: 2->7, Klasa: 2->1;, Rodzice/Dzieci: 1->5, Płeć: mężczyzna->kobieta;, Klasa: 2->1, Rodzice/Dzieci: 1->1.26, Rodzeństwo/Małżonkowie: 2->2.21, Wiek: 23->25.60, Opłata: 11.50->19.30;, Wiek: 23->8, Rodzeństwo/Małżonkowie: 2->1, Opłata: 11.50->36.75;, Wiek: 23->8.50;, Wiek: 23->17.43;, Wiek: 23->3.70;, Klasa: 2->1, Rodzice/Dzieci: 1->1.80, Rodzeństwo/Małżonkowie: 2->3.11;","2","1","1","5","1","1","2","1","3","5","1","1","1","1","1","1","1","1","1","1","1","1","1","1","1","1","46-65","Szkoła średnia","Sektor publiczny / Organizacja non-profit",""
"0QzN679","zx7DMlq","2025-12-11 13:59:47","Nie","Tak","Nie","","","","","","","","","","","","1","2","1","5","3","1","1","1","1","1","3","4","5","3","1","5","5","3","3","1","1","4","2","4","1","5","4","2","1","5","1","1","5","5","Wiek: 56->17.50, Płeć: mężczyzna->kobieta;, Płeć: mężczyzna->kobieta, Wiek: 56->43.46, Opłata: 35.50->61.39;, Klasa: 1->3, Płeć: mężczyzna->kobieta, Wiek: 56->28.83, Opłata: 35.50->0, Rodzeństwo/Małżonkowie: 0->0.65;, Rodzeństwo/Małżonkowie: 0->3, Klasa: 1->3;, Wiek: 56->64, Opłata: 35.50->27.72;, Rodzeństwo/Małżonkowie: 0->5, Opłata: 35.50->250.89;, Rodzeństwo/Małżonkowie: 0->5, Płeć: mężczyzna->kobieta;, Rodzeństwo/Małżonkowie: 0->1.11;, Opłata: 35.50->40.75, Rodzeństwo/Małżonkowie: 0->0.10, Wiek: 56->57.07;","Wiek: 23->3.70;, Klasa: 2->1, Rodzice/Dzieci: 1->1.80, Rodzeństwo/Małżonkowie: 2->3.11;, Rodzeństwo/Małżonkowie: 2->7, Klasa: 2->1;, Wiek: 23->8, Rodzeństwo/Małżonkowie: 2->1, Opłata: 11.50->36.75;, Klasa: 2->1, Rodzice/Dzieci: 1->1.26, Rodzeństwo/Małżonkowie: 2->2.21, Wiek: 23->25.60, Opłata: 11.50->19.30;, Klasa: 2->3, Płeć: mężczyzna->kobieta, Rodzice/Dzieci: 1->0, Rodzeństwo/Małżonkowie: 2->0.85, Wiek: 23->30.54, Opłata: 11.50->0;, Wiek: 23->17.43;, Rodzice/Dzieci: 1->5, Płeć: mężczyzna->kobieta;, Wiek: 23->8.50;","1","1","2","1","1","5","2","1","4","1","4","5","1","1","2","1","1","1","1","1","1","1","1","4","1","1","46-65","Tytuł magistra","Sektor publiczny / Organizacja non-profit",""
"BzqMXL5","KYVlVAz","2025-12-11 14:04:44","Nie","Tak","Tak","Nie","Badania naukowe, Zatrudnianie i rekrutacja, Decyzje finansowe dotyczące pożyczek/kredytów","false","true","true","false","false","true","false","false","","2","3","1","4","4","4","1","3","1","1","3","5","5","1","1","5","5","1","4","1","1","1","2","4","1","5","3","4","1","4","1","1","3","4","Rodzeństwo/Małżonkowie: 0->1.11;, Płeć: mężczyzna->kobieta, Wiek: 56->43.46, Opłata: 35.50->61.39;, Opłata: 35.50->40.75, Rodzeństwo/Małżonkowie: 0->0.10, Wiek: 56->57.07;, Rodzeństwo/Małżonkowie: 0->5, Płeć: mężczyzna->kobieta;, Wiek: 56->64, Opłata: 35.50->27.72;, Wiek: 56->17.50, Płeć: mężczyzna->kobieta;, Klasa: 1->3, Płeć: mężczyzna->kobieta, Wiek: 56->28.83, Opłata: 35.50->0, Rodzeństwo/Małżonkowie: 0->0.65;, Rodzeństwo/Małżonkowie: 0->3, Klasa: 1->3;, Rodzeństwo/Małżonkowie: 0->5, Opłata: 35.50->250.89;","Wiek: 23->3.70;, Rodzeństwo/Małżonkowie: 2->7, Klasa: 2->1;, Klasa: 2->1, Rodzice/Dzieci: 1->1.80, Rodzeństwo/Małżonkowie: 2->3.11;, Klasa: 2->1, Rodzice/Dzieci: 1->1.26, Rodzeństwo/Małżonkowie: 2->2.21, Wiek: 23->25.60, Opłata: 11.50->19.30;, Wiek: 23->8, Rodzeństwo/Małżonkowie: 2->1, Opłata: 11.50->36.75;, Wiek: 23->17.43;, Rodzice/Dzieci: 1->5, Płeć: mężczyzna->kobieta;, Wiek: 23->8.50;, Klasa: 2->3, Płeć: mężczyzna->kobieta, Rodzice/Dzieci: 1->0, Rodzeństwo/Małżonkowie: 2->0.85, Wiek: 23->30.54, Opłata: 11.50->0;","1","1","2","1","1","5","3","1","3","1","2","3","1","1","2","1","1","1","1","1","1","1","1","4","1","3","27-45","Szkoła średnia","Inny",""
"0QzNMpP","xXJaadG","2025-12-11 14:14:51","Nie","Tak","Nie","","","","","","","","","","","","2","3","2","2","3","1","3","1","1","4","3","2","4","4","1","2","5","2","5","1","1","2","3","4","1","2","4","1","2","2","1","1","3","3","Rodzeństwo/Małżonkowie: 0->3, Klasa: 1->3;, Rodzeństwo/Małżonkowie: 0->1.11;, Wiek: 56->64, Opłata: 35.50->27.72;, Rodzeństwo/Małżonkowie: 0->5, Płeć: mężczyzna->kobieta;, Opłata: 35.50->40.75, Rodzeństwo/Małżonkowie: 0->0.10, Wiek: 56->57.07;, Wiek: 56->17.50, Płeć: mężczyzna->kobieta;, Płeć: mężczyzna->kobieta, Wiek: 56->43.46, Opłata: 35.50->61.39;, Klasa: 1->3, Płeć: mężczyzna->kobieta, Wiek: 56->28.83, Opłata: 35.50->0, Rodzeństwo/Małżonkowie: 0->0.65;, Rodzeństwo/Małżonkowie: 0->5, Opłata: 35.50->250.89;","Wiek: 23->8, Rodzeństwo/Małżonkowie: 2->1, Opłata: 11.50->36.75;, Wiek: 23->3.70;, Klasa: 2->3, Płeć: mężczyzna->kobieta, Rodzice/Dzieci: 1->0, Rodzeństwo/Małżonkowie: 2->0.85, Wiek: 23->30.54, Opłata: 11.50->0;, Klasa: 2->1, Rodzice/Dzieci: 1->1.80, Rodzeństwo/Małżonkowie: 2->3.11;, Wiek: 23->17.43;, Klasa: 2->1, Rodzice/Dzieci: 1->1.26, Rodzeństwo/Małżonkowie: 2->2.21, Wiek: 23->25.60, Opłata: 11.50->19.30;, Rodzeństwo/Małżonkowie: 2->7, Klasa: 2->1;, Wiek: 23->8.50;, Rodzice/Dzieci: 1->5, Płeć: mężczyzna->kobieta;","3","1","4","5","1","5","4","1","4","1","3","3","1","1","3","1","3","2","2","3","2","2","3","2","2","3","27-45","Licencjat","Edukacja",""
"Gxa297Z","81ZQVQP","2025-12-11 16:59:39","Nie","Tak","Nie","","","","","","","","","","","","3","4","1","5","5","3","4","4","1","2","4","3","5","4","1","5","5","4","4","4","1","1","3","4","1","5","3","3","2","3","1","1","3","3","Wiek: 56->64, Opłata: 35.50->27.72;, Płeć: mężczyzna->kobieta, Wiek: 56->43.46, Opłata: 35.50->61.39;, Rodzeństwo/Małżonkowie: 0->5, Opłata: 35.50->250.89;, Rodzeństwo/Małżonkowie: 0->5, Płeć: mężczyzna->kobieta;, Wiek: 56->17.50, Płeć: mężczyzna->kobieta;, Klasa: 1->3, Płeć: mężczyzna->kobieta, Wiek: 56->28.83, Opłata: 35.50->0, Rodzeństwo/Małżonkowie: 0->0.65;, Rodzeństwo/Małżonkowie: 0->3, Klasa: 1->3;, Rodzeństwo/Małżonkowie: 0->1.11;, Opłata: 35.50->40.75, Rodzeństwo/Małżonkowie: 0->0.10, Wiek: 56->57.07;","Klasa: 2->1, Rodzice/Dzieci: 1->1.26, Rodzeństwo/Małżonkowie: 2->2.21, Wiek: 23->25.60, Opłata: 11.50->19.30;, Klasa: 2->1, Rodzice/Dzieci: 1->1.80, Rodzeństwo/Małżonkowie: 2->3.11;, Wiek: 23->17.43;, Wiek: 23->3.70;, Wiek: 23->8, Rodzeństwo/Małżonkowie: 2->1, Opłata: 11.50->36.75;, Rodzeństwo/Małżonkowie: 2->7, Klasa: 2->1;, Klasa: 2->3, Płeć: mężczyzna->kobieta, Rodzice/Dzieci: 1->0, Rodzeństwo/Małżonkowie: 2->0.85, Wiek: 23->30.54, Opłata: 11.50->0;, Rodzice/Dzieci: 1->5, Płeć: mężczyzna->kobieta;, Wiek: 23->8.50;","2","1","1","1","1","5","3","1","3","1","3","3","1","1","2","1","2","2","1","1","1","1","1","3","1","2","27-45","Licencjat","Sektor publiczny / Organizacja non-profit",""
"q4X2RWY","EkxQGXl","2025-12-11 17:08:17","Nie","Nie","Nie","","","","","","","","","","","","2","2","1","3","3","3","1","2","1","2","2","2","4","1","1","3","3","2","4","1","1","1","2","2","1","4","3","1","3","2","1","1","2","4","Płeć: mężczyzna->kobieta, Wiek: 56->43.46, Opłata: 35.50->61.39;, Opłata: 35.50->40.75, Rodzeństwo/Małżonkowie: 0->0.10, Wiek: 56->57.07;, Rodzeństwo/Małżonkowie: 0->5, Opłata: 35.50->250.89;, Klasa: 1->3, Płeć: mężczyzna->kobieta, Wiek: 56->28.83, Opłata: 35.50->0, Rodzeństwo/Małżonkowie: 0->0.65;, Rodzeństwo/Małżonkowie: 0->5, Płeć: mężczyzna->kobieta;, Wiek: 56->17.50, Płeć: mężczyzna->kobieta;, Wiek: 56->64, Opłata: 35.50->27.72;, Rodzeństwo/Małżonkowie: 0->3, Klasa: 1->3;, Rodzeństwo/Małżonkowie: 0->1.11;","Klasa: 2->1, Rodzice/Dzieci: 1->1.26, Rodzeństwo/Małżonkowie: 2->2.21, Wiek: 23->25.60, Opłata: 11.50->19.30;, Wiek: 23->17.43;, Wiek: 23->3.70;, Wiek: 23->8, Rodzeństwo/Małżonkowie: 2->1, Opłata: 11.50->36.75;, Rodzeństwo/Małżonkowie: 2->7, Klasa: 2->1;, Wiek: 23->8.50;, Klasa: 2->3, Płeć: mężczyzna->kobieta, Rodzice/Dzieci: 1->0, Rodzeństwo/Małżonkowie: 2->0.85, Wiek: 23->30.54, Opłata: 11.50->0;, Klasa: 2->1, Rodzice/Dzieci: 1->1.80, Rodzeństwo/Małżonkowie: 2->3.11;, Rodzice/Dzieci: 1->5, Płeć: mężczyzna->kobieta;","1","1","2","1","1","5","2","1","1","1","1","2","1","1","2","1","1","2","1","2","1","1","2","2","1","1","46-65","Szkoła średnia","Inny",""
"PdLa2aP","OD75Rra","2025-12-11 18:13:27","Tak","Tak","Nie","","","","","","","","","","","","4","5","2","3","5","3","4","4","4","4","5","3","5","5","4","4","5","4","5","5","1","5","4","5","1","5","5","4","5","4","3","5","5","4","Wiek: 56->17.50, Płeć: mężczyzna->kobieta;, Rodzeństwo/Małżonkowie: 0->3, Klasa: 1->3;, Płeć: mężczyzna->kobieta, Wiek: 56->43.46, Opłata: 35.50->61.39;, Rodzeństwo/Małżonkowie: 0->5, Płeć: mężczyzna->kobieta;, Wiek: 56->64, Opłata: 35.50->27.72;, Klasa: 1->3, Płeć: mężczyzna->kobieta, Wiek: 56->28.83, Opłata: 35.50->0, Rodzeństwo/Małżonkowie: 0->0.65;, Rodzeństwo/Małżonkowie: 0->1.11;, Rodzeństwo/Małżonkowie: 0->5, Opłata: 35.50->250.89;, Opłata: 35.50->40.75, Rodzeństwo/Małżonkowie: 0->0.10, Wiek: 56->57.07;","Wiek: 23->3.70;, Wiek: 23->8.50;, Wiek: 23->8, Rodzeństwo/Małżonkowie: 2->1, Opłata: 11.50->36.75;, Rodzice/Dzieci: 1->5, Płeć: mężczyzna->kobieta;, Wiek: 23->17.43;, Klasa: 2->1, Rodzice/Dzieci: 1->1.26, Rodzeństwo/Małżonkowie: 2->2.21, Wiek: 23->25.60, Opłata: 11.50->19.30;, Klasa: 2->3, Płeć: mężczyzna->kobieta, Rodzice/Dzieci: 1->0, Rodzeństwo/Małżonkowie: 2->0.85, Wiek: 23->30.54, Opłata: 11.50->0;, Rodzeństwo/Małżonkowie: 2->7, Klasa: 2->1;, Klasa: 2->1, Rodzice/Dzieci: 1->1.80, Rodzeństwo/Małżonkowie: 2->3.11;","3","4","4","1","1","5","4","2","4","1","2","5","1","1","5","1","3","3","2","3","1","1","3","3","1","4","46-65","Szkoła średnia","Sektor publiczny / Organizacja non-profit",""
"ZjXpBBo","2EKeKLA","2025-12-11 19:55:42","Tak","Tak","Tak","Tak, rzadko","Decyzje finansowe dotyczące pożyczek/kredytów, Decyzje prawne/sądowe, Decyzje dotyczące diagnozy medycznej","true","true","false","true","false","false","false","false","","2","4","1","5","5","4","1","3","2","3","3","5","5","2","1","5","5","2","5","1","1","4","3","4","1","5","4","4","1","4","1","2","4","4","Rodzeństwo/Małżonkowie: 0->5, Płeć: mężczyzna->kobieta;, Wiek: 56->17.50, Płeć: mężczyzna->kobieta;, Płeć: mężczyzna->kobieta, Wiek: 56->43.46, Opłata: 35.50->61.39;, Rodzeństwo/Małżonkowie: 0->5, Opłata: 35.50->250.89;, Klasa: 1->3, Płeć: mężczyzna->kobieta, Wiek: 56->28.83, Opłata: 35.50->0, Rodzeństwo/Małżonkowie: 0->0.65;, Rodzeństwo/Małżonkowie: 0->1.11;, Wiek: 56->64, Opłata: 35.50->27.72;, Opłata: 35.50->40.75, Rodzeństwo/Małżonkowie: 0->0.10, Wiek: 56->57.07;, Rodzeństwo/Małżonkowie: 0->3, Klasa: 1->3;","Klasa: 2->1, Rodzice/Dzieci: 1->1.80, Rodzeństwo/Małżonkowie: 2->3.11;, Wiek: 23->8, Rodzeństwo/Małżonkowie: 2->1, Opłata: 11.50->36.75;, Klasa: 2->1, Rodzice/Dzieci: 1->1.26, Rodzeństwo/Małżonkowie: 2->2.21, Wiek: 23->25.60, Opłata: 11.50->19.30;, Wiek: 23->8.50;, Rodzice/Dzieci: 1->5, Płeć: mężczyzna->kobieta;, Wiek: 23->17.43;, Wiek: 23->3.70;, Rodzeństwo/Małżonkowie: 2->7, Klasa: 2->1;, Klasa: 2->3, Płeć: mężczyzna->kobieta, Rodzice/Dzieci: 1->0, Rodzeństwo/Małżonkowie: 2->0.85, Wiek: 23->30.54, Opłata: 11.50->0;","4","1","4","1","2","5","4","1","4","1","3","3","2","1","4","1","3","2","2","2","2","1","2","4","1","4","19-26","Licencjat","Informatyka / Inżynieria oprogramowania",""
"J9bNa8X","lb6yN9k","2025-12-11 20:37:24","Tak","Tak","Tak","Tak, rzadko","Rekomendacje produktów","false","false","false","false","true","false","false","false","","1","3","1","5","5","5","2","4","1","3","4","4","5","4","1","5","5","3","5","3","1","5","4","4","1","5","4","5","3","5","1","3","3","5","Klasa: 1->3, Płeć: mężczyzna->kobieta, Wiek: 56->28.83, Opłata: 35.50->0, Rodzeństwo/Małżonkowie: 0->0.65;, Opłata: 35.50->40.75, Rodzeństwo/Małżonkowie: 0->0.10, Wiek: 56->57.07;, Wiek: 56->17.50, Płeć: mężczyzna->kobieta;, Rodzeństwo/Małżonkowie: 0->5, Płeć: mężczyzna->kobieta;, Rodzeństwo/Małżonkowie: 0->5, Opłata: 35.50->250.89;, Rodzeństwo/Małżonkowie: 0->1.11;, Płeć: mężczyzna->kobieta, Wiek: 56->43.46, Opłata: 35.50->61.39;, Rodzeństwo/Małżonkowie: 0->3, Klasa: 1->3;, Wiek: 56->64, Opłata: 35.50->27.72;","Klasa: 2->1, Rodzice/Dzieci: 1->1.26, Rodzeństwo/Małżonkowie: 2->2.21, Wiek: 23->25.60, Opłata: 11.50->19.30;, Klasa: 2->3, Płeć: mężczyzna->kobieta, Rodzice/Dzieci: 1->0, Rodzeństwo/Małżonkowie: 2->0.85, Wiek: 23->30.54, Opłata: 11.50->0;, Klasa: 2->1, Rodzice/Dzieci: 1->1.80, Rodzeństwo/Małżonkowie: 2->3.11;, Rodzice/Dzieci: 1->5, Płeć: mężczyzna->kobieta;, Wiek: 23->17.43;, Wiek: 23->8.50;, Wiek: 23->3.70;, Rodzeństwo/Małżonkowie: 2->7, Klasa: 2->1;, Wiek: 23->8, Rodzeństwo/Małżonkowie: 2->1, Opłata: 11.50->36.75;","3","1","4","1","1","5","4","1","4","1","2","3","1","1","3","1","1","1","1","1","1","1","1","4","1","3","27-45","Tytuł magistra","Sektor publiczny / Organizacja non-profit",""
"RGQGBq4","2EK45x9","2025-12-12 09:56:14","Tak","Tak","Nie","","","","","","","","","","","","4","4","1","5","5","4","2","5","1","2","4","5","5","3","2","5","5","4","3","3","1","4","3","5","1","5","4","2","3","4","1","3","4","3","Rodzeństwo/Małżonkowie: 0->5, Płeć: mężczyzna->kobieta;, Płeć: mężczyzna->kobieta, Wiek: 56->43.46, Opłata: 35.50->61.39;, Wiek: 56->17.50, Płeć: mężczyzna->kobieta;, Rodzeństwo/Małżonkowie: 0->5, Opłata: 35.50->250.89;, Opłata: 35.50->40.75, Rodzeństwo/Małżonkowie: 0->0.10, Wiek: 56->57.07;, Wiek: 56->64, Opłata: 35.50->27.72;, Rodzeństwo/Małżonkowie: 0->1.11;, Rodzeństwo/Małżonkowie: 0->3, Klasa: 1->3;, Klasa: 1->3, Płeć: mężczyzna->kobieta, Wiek: 56->28.83, Opłata: 35.50->0, Rodzeństwo/Małżonkowie: 0->0.65;","Rodzice/Dzieci: 1->5, Płeć: mężczyzna->kobieta;, Klasa: 2->3, Płeć: mężczyzna->kobieta, Rodzice/Dzieci: 1->0, Rodzeństwo/Małżonkowie: 2->0.85, Wiek: 23->30.54, Opłata: 11.50->0;, Wiek: 23->3.70;, Wiek: 23->8, Rodzeństwo/Małżonkowie: 2->1, Opłata: 11.50->36.75;, Wiek: 23->8.50;, Rodzeństwo/Małżonkowie: 2->7, Klasa: 2->1;, Wiek: 23->17.43;, Klasa: 2->1, Rodzice/Dzieci: 1->1.80, Rodzeństwo/Małżonkowie: 2->3.11;, Klasa: 2->1, Rodzice/Dzieci: 1->1.26, Rodzeństwo/Małżonkowie: 2->2.21, Wiek: 23->25.60, Opłata: 11.50->19.30;","3","3","4","2","2","5","4","1","5","1","2","4","1","2","4","2","3","3","2","2","1","1","3","4","1","3","27-45","Tytuł magistra","Informatyka / Inżynieria oprogramowania",""
"44Y4Mlr","GxRrW1L","2025-12-12 11:56:40","Tak","Tak","Nie","","","","","","","","","","","","2","5","1","5","4","4","1","5","1","1","4","5","5","5","1","5","5","5","5","5","1","5","4","5","1","5","1","5","1","5","1","3","4","5","Płeć: mężczyzna->kobieta, Wiek: 56->43.46, Opłata: 35.50->61.39;, Wiek: 56->64, Opłata: 35.50->27.72;, Rodzeństwo/Małżonkowie: 0->5, Opłata: 35.50->250.89;, Rodzeństwo/Małżonkowie: 0->1.11;, Rodzeństwo/Małżonkowie: 0->3, Klasa: 1->3;, Rodzeństwo/Małżonkowie: 0->5, Płeć: mężczyzna->kobieta;, Klasa: 1->3, Płeć: mężczyzna->kobieta, Wiek: 56->28.83, Opłata: 35.50->0, Rodzeństwo/Małżonkowie: 0->0.65;, Opłata: 35.50->40.75, Rodzeństwo/Małżonkowie: 0->0.10, Wiek: 56->57.07;, Wiek: 56->17.50, Płeć: mężczyzna->kobieta;","Klasa: 2->1, Rodzice/Dzieci: 1->1.26, Rodzeństwo/Małżonkowie: 2->2.21, Wiek: 23->25.60, Opłata: 11.50->19.30;, Klasa: 2->1, Rodzice/Dzieci: 1->1.80, Rodzeństwo/Małżonkowie: 2->3.11;, Wiek: 23->8, Rodzeństwo/Małżonkowie: 2->1, Opłata: 11.50->36.75;, Rodzice/Dzieci: 1->5, Płeć: mężczyzna->kobieta;, Rodzeństwo/Małżonkowie: 2->7, Klasa: 2->1;, Klasa: 2->3, Płeć: mężczyzna->kobieta, Rodzice/Dzieci: 1->0, Rodzeństwo/Małżonkowie: 2->0.85, Wiek: 23->30.54, Opłata: 11.50->0;, Wiek: 23->3.70;, Wiek: 23->8.50;, Wiek: 23->17.43;","2","1","3","1","1","5","4","1","2","1","2","3","1","1","2","1","1","2","1","1","1","1","1","4","1","1","19-26","Szkoła średnia","Informatyka / Inżynieria oprogramowania",""
"jareo84","81ZkqQ5","2025-12-12 12:59:07","Nie","Nie","Nie","","","","","","","","","","","","3","4","2","4","3","4","2","3","3","3","3","3","3","3","3","3","3","3","3","3","3","3","3","3","3","3","3","3","3","3","3","3","3","3","Wiek: 56->64, Opłata: 35.50->27.72;, Rodzeństwo/Małżonkowie: 0->5, Płeć: mężczyzna->kobieta;, Płeć: mężczyzna->kobieta, Wiek: 56->43.46, Opłata: 35.50->61.39;, Wiek: 56->17.50, Płeć: mężczyzna->kobieta;, Rodzeństwo/Małżonkowie: 0->1.11;, Klasa: 1->3, Płeć: mężczyzna->kobieta, Wiek: 56->28.83, Opłata: 35.50->0, Rodzeństwo/Małżonkowie: 0->0.65;, Rodzeństwo/Małżonkowie: 0->5, Opłata: 35.50->250.89;, Opłata: 35.50->40.75, Rodzeństwo/Małżonkowie: 0->0.10, Wiek: 56->57.07;, Rodzeństwo/Małżonkowie: 0->3, Klasa: 1->3;","Klasa: 2->1, Rodzice/Dzieci: 1->1.26, Rodzeństwo/Małżonkowie: 2->2.21, Wiek: 23->25.60, Opłata: 11.50->19.30;, Wiek: 23->17.43;, Rodzice/Dzieci: 1->5, Płeć: mężczyzna->kobieta;, Wiek: 23->3.70;, Klasa: 2->3, Płeć: mężczyzna->kobieta, Rodzice/Dzieci: 1->0, Rodzeństwo/Małżonkowie: 2->0.85, Wiek: 23->30.54, Opłata: 11.50->0;, Klasa: 2->1, Rodzice/Dzieci: 1->1.80, Rodzeństwo/Małżonkowie: 2->3.11;, Rodzeństwo/Małżonkowie: 2->7, Klasa: 2->1;, Wiek: 23->8, Rodzeństwo/Małżonkowie: 2->1, Opłata: 11.50->36.75;, Wiek: 23->8.50;","1","1","1","4","5","5","5","5","5","5","5","5","5","5","5","5","5","5","3","3","5","1","1","5","4","2","65+","Doktorat+","AI / Machine Learning / Data Science",""
"5BYbxXv","5BZkgdv","2025-12-12 16:45:43","Tak","Tak","Nie","","","","","","","","","","","","2","2","1","4","4","3","2","4","1","2","3","4","5","1","1","3","5","1","3","1","1","1","4","1","1","5","4","4","1","3","1","1","4","4","Wiek: 56->17.50, Płeć: mężczyzna->kobieta;, Wiek: 56->64, Opłata: 35.50->27.72;, Rodzeństwo/Małżonkowie: 0->3, Klasa: 1->3;, Klasa: 1->3, Płeć: mężczyzna->kobieta, Wiek: 56->28.83, Opłata: 35.50->0, Rodzeństwo/Małżonkowie: 0->0.65;, Opłata: 35.50->40.75, Rodzeństwo/Małżonkowie: 0->0.10, Wiek: 56->57.07;, Rodzeństwo/Małżonkowie: 0->5, Płeć: mężczyzna->kobieta;, Rodzeństwo/Małżonkowie: 0->5, Opłata: 35.50->250.89;, Płeć: mężczyzna->kobieta, Wiek: 56->43.46, Opłata: 35.50->61.39;, Rodzeństwo/Małżonkowie: 0->1.11;","Klasa: 2->1, Rodzice/Dzieci: 1->1.80, Rodzeństwo/Małżonkowie: 2->3.11;, Rodzeństwo/Małżonkowie: 2->7, Klasa: 2->1;, Klasa: 2->1, Rodzice/Dzieci: 1->1.26, Rodzeństwo/Małżonkowie: 2->2.21, Wiek: 23->25.60, Opłata: 11.50->19.30;, Wiek: 23->3.70;, Klasa: 2->3, Płeć: mężczyzna->kobieta, Rodzice/Dzieci: 1->0, Rodzeństwo/Małżonkowie: 2->0.85, Wiek: 23->30.54, Opłata: 11.50->0;, Wiek: 23->8.50;, Wiek: 23->8, Rodzeństwo/Małżonkowie: 2->1, Opłata: 11.50->36.75;, Rodzice/Dzieci: 1->5, Płeć: mężczyzna->kobieta;, Wiek: 23->17.43;","3","1","3","3","3","3","3","3","3","3","3","4","4","2","3","3","2","2","4","3","4","1","3","3","4","4","19-26","Szkoła średnia","Informatyka / Inżynieria oprogramowania",""
"q4qLdbk","vGPBVp0","2025-12-12 16:58:39","Tak","Tak","Nie","","","","","","","","","","","","4","2","1","5","5","2","2","2","1","1","3","3","5","2","2","5","5","2","4","3","1","2","4","2","1","5","4","4","2","4","1","1","3","4","Rodzeństwo/Małżonkowie: 0->5, Opłata: 35.50->250.89;, Rodzeństwo/Małżonkowie: 0->1.11;, Płeć: mężczyzna->kobieta, Wiek: 56->43.46, Opłata: 35.50->61.39;, Wiek: 56->17.50, Płeć: mężczyzna->kobieta;, Klasa: 1->3, Płeć: mężczyzna->kobieta, Wiek: 56->28.83, Opłata: 35.50->0, Rodzeństwo/Małżonkowie: 0->0.65;, Wiek: 56->64, Opłata: 35.50->27.72;, Rodzeństwo/Małżonkowie: 0->5, Płeć: mężczyzna->kobieta;, Opłata: 35.50->40.75, Rodzeństwo/Małżonkowie: 0->0.10, Wiek: 56->57.07;, Rodzeństwo/Małżonkowie: 0->3, Klasa: 1->3;","Wiek: 23->8.50;, Klasa: 2->1, Rodzice/Dzieci: 1->1.80, Rodzeństwo/Małżonkowie: 2->3.11;, Klasa: 2->1, Rodzice/Dzieci: 1->1.26, Rodzeństwo/Małżonkowie: 2->2.21, Wiek: 23->25.60, Opłata: 11.50->19.30;, Rodzeństwo/Małżonkowie: 2->7, Klasa: 2->1;, Wiek: 23->8, Rodzeństwo/Małżonkowie: 2->1, Opłata: 11.50->36.75;, Wiek: 23->17.43;, Wiek: 23->3.70;, Klasa: 2->3, Płeć: mężczyzna->kobieta, Rodzice/Dzieci: 1->0, Rodzeństwo/Małżonkowie: 2->0.85, Wiek: 23->30.54, Opłata: 11.50->0;, Rodzice/Dzieci: 1->5, Płeć: mężczyzna->kobieta;","3","1","4","1","1","5","4","1","5","1","4","3","1","1","4","2","3","4","3","3","1","1","2","4","1","4","19-26","Szkoła średnia","Informatyka / Inżynieria oprogramowania",""
"EkGKXBl","QK7rppp","2025-12-12 16:59:31","Tak","Nie","Nie","","","","","","","","","","","","3","4","2","5","5","3","1","5","1","5","4","5","4","4","2","5","5","5","3","2","1","3","2","4","1","5","4","5","2","4","1","3","4","5","Rodzeństwo/Małżonkowie: 0->1.11;, Wiek: 56->17.50, Płeć: mężczyzna->kobieta;, Płeć: mężczyzna->kobieta, Wiek: 56->43.46, Opłata: 35.50->61.39;, Wiek: 56->64, Opłata: 35.50->27.72;, Opłata: 35.50->40.75, Rodzeństwo/Małżonkowie: 0->0.10, Wiek: 56->57.07;, Klasa: 1->3, Płeć: mężczyzna->kobieta, Wiek: 56->28.83, Opłata: 35.50->0, Rodzeństwo/Małżonkowie: 0->0.65;, Rodzeństwo/Małżonkowie: 0->5, Opłata: 35.50->250.89;, Rodzeństwo/Małżonkowie: 0->5, Płeć: mężczyzna->kobieta;, Rodzeństwo/Małżonkowie: 0->3, Klasa: 1->3;","Wiek: 23->8.50;, Wiek: 23->3.70;, Rodzice/Dzieci: 1->5, Płeć: mężczyzna->kobieta;, Wiek: 23->8, Rodzeństwo/Małżonkowie: 2->1, Opłata: 11.50->36.75;, Klasa: 2->3, Płeć: mężczyzna->kobieta, Rodzice/Dzieci: 1->0, Rodzeństwo/Małżonkowie: 2->0.85, Wiek: 23->30.54, Opłata: 11.50->0;, Klasa: 2->1, Rodzice/Dzieci: 1->1.80, Rodzeństwo/Małżonkowie: 2->3.11;, Wiek: 23->17.43;, Klasa: 2->1, Rodzice/Dzieci: 1->1.26, Rodzeństwo/Małżonkowie: 2->2.21, Wiek: 23->25.60, Opłata: 11.50->19.30;, Rodzeństwo/Małżonkowie: 2->7, Klasa: 2->1;","4","3","5","1","2","5","4","2","4","2","4","4","1","2","4","1","3","3","3","4","2","1","4","5","2","2","19-26","Szkoła średnia","Informatyka / Inżynieria oprogramowania",""
"J9rq6g4","Np7VvjW","2025-12-12 17:00:45","Tak","Tak","Nie","","","","","","","","","","","","2","3","1","5","4","3","2","3","1","2","4","5","5","3","2","5","5","3","4","3","1","4","3","3","1","5","4","4","2","3","1","2","3","5","Płeć: mężczyzna->kobieta, Wiek: 56->43.46, Opłata: 35.50->61.39;, Wiek: 56->17.50, Płeć: mężczyzna->kobieta;, Rodzeństwo/Małżonkowie: 0->5, Opłata: 35.50->250.89;, Rodzeństwo/Małżonkowie: 0->5, Płeć: mężczyzna->kobieta;, Opłata: 35.50->40.75, Rodzeństwo/Małżonkowie: 0->0.10, Wiek: 56->57.07;, Klasa: 1->3, Płeć: mężczyzna->kobieta, Wiek: 56->28.83, Opłata: 35.50->0, Rodzeństwo/Małżonkowie: 0->0.65;, Rodzeństwo/Małżonkowie: 0->1.11;, Rodzeństwo/Małżonkowie: 0->3, Klasa: 1->3;, Wiek: 56->64, Opłata: 35.50->27.72;","Klasa: 2->1, Rodzice/Dzieci: 1->1.80, Rodzeństwo/Małżonkowie: 2->3.11;, Klasa: 2->1, Rodzice/Dzieci: 1->1.26, Rodzeństwo/Małżonkowie: 2->2.21, Wiek: 23->25.60, Opłata: 11.50->19.30;, Wiek: 23->3.70;, Wiek: 23->8, Rodzeństwo/Małżonkowie: 2->1, Opłata: 11.50->36.75;, Wiek: 23->8.50;, Rodzeństwo/Małżonkowie: 2->7, Klasa: 2->1;, Rodzice/Dzieci: 1->5, Płeć: mężczyzna->kobieta;, Wiek: 23->17.43;, Klasa: 2->3, Płeć: mężczyzna->kobieta, Rodzice/Dzieci: 1->0, Rodzeństwo/Małżonkowie: 2->0.85, Wiek: 23->30.54, Opłata: 11.50->0;","3","1","4","1","2","5","4","2","4","2","4","3","2","1","4","2","3","2","1","3","1","1","2","4","1","2","19-26","Licencjat","Informatyka / Inżynieria oprogramowania",""
"NpxrBgW","68ZkBdB","2025-12-12 17:43:45","Tak","Tak","Nie","","","","","","","","","","","","2","4","1","5","2","2","1","5","1","1","2","5","5","3","1","5","5","3","5","3","1","2","1","4","1","5","2","5","1","5","1","2","2","3","Klasa: 1->3, Płeć: mężczyzna->kobieta, Wiek: 56->28.83, Opłata: 35.50->0, Rodzeństwo/Małżonkowie: 0->0.65;, Wiek: 56->64, Opłata: 35.50->27.72;, Wiek: 56->17.50, Płeć: mężczyzna->kobieta;, Opłata: 35.50->40.75, Rodzeństwo/Małżonkowie: 0->0.10, Wiek: 56->57.07;, Rodzeństwo/Małżonkowie: 0->5, Opłata: 35.50->250.89;, Rodzeństwo/Małżonkowie: 0->1.11;, Rodzeństwo/Małżonkowie: 0->5, Płeć: mężczyzna->kobieta;, Rodzeństwo/Małżonkowie: 0->3, Klasa: 1->3;, Płeć: mężczyzna->kobieta, Wiek: 56->43.46, Opłata: 35.50->61.39;","Rodzeństwo/Małżonkowie: 2->7, Klasa: 2->1;, Wiek: 23->3.70;, Rodzice/Dzieci: 1->5, Płeć: mężczyzna->kobieta;, Wiek: 23->17.43;, Wiek: 23->8, Rodzeństwo/Małżonkowie: 2->1, Opłata: 11.50->36.75;, Klasa: 2->1, Rodzice/Dzieci: 1->1.80, Rodzeństwo/Małżonkowie: 2->3.11;, Klasa: 2->3, Płeć: mężczyzna->kobieta, Rodzice/Dzieci: 1->0, Rodzeństwo/Małżonkowie: 2->0.85, Wiek: 23->30.54, Opłata: 11.50->0;, Klasa: 2->1, Rodzice/Dzieci: 1->1.26, Rodzeństwo/Małżonkowie: 2->2.21, Wiek: 23->25.60, Opłata: 11.50->19.30;, Wiek: 23->8.50;","5","5","5","5","5","5","5","5","5","5","5","5","5","5","5","5","5","5","5","5","5","5","5","5","5","5","65+","Szkoła podstawowa","Sztuka / Media / Projektowanie",""
"68YKJve","yPJxvaB","2025-12-13 11:16:06","Tak","Tak","Tak","Tak, często","Strategia biznesowa, Zatrudnianie i rekrutacja, Decyzje prawne/sądowe","false","false","true","true","false","false","true","false","","2","3","1","5","4","5","1","5","1","3","1","5","5","5","1","5","5","5","5","5","1","5","4","5","1","5","4","5","1","1","4","4","4","4","Klasa: 1->3, Płeć: mężczyzna->kobieta, Wiek: 56->28.83, Opłata: 35.50->0, Rodzeństwo/Małżonkowie: 0->0.65;, Rodzeństwo/Małżonkowie: 0->1.11;, Płeć: mężczyzna->kobieta, Wiek: 56->43.46, Opłata: 35.50->61.39;, Wiek: 56->64, Opłata: 35.50->27.72;, Rodzeństwo/Małżonkowie: 0->5, Płeć: mężczyzna->kobieta;, Opłata: 35.50->40.75, Rodzeństwo/Małżonkowie: 0->0.10, Wiek: 56->57.07;, Rodzeństwo/Małżonkowie: 0->3, Klasa: 1->3;, Rodzeństwo/Małżonkowie: 0->5, Opłata: 35.50->250.89;, Wiek: 56->17.50, Płeć: mężczyzna->kobieta;","Klasa: 2->3, Płeć: mężczyzna->kobieta, Rodzice/Dzieci: 1->0, Rodzeństwo/Małżonkowie: 2->0.85, Wiek: 23->30.54, Opłata: 11.50->0;, Wiek: 23->3.70;, Wiek: 23->8, Rodzeństwo/Małżonkowie: 2->1, Opłata: 11.50->36.75;, Rodzice/Dzieci: 1->5, Płeć: mężczyzna->kobieta;, Rodzeństwo/Małżonkowie: 2->7, Klasa: 2->1;, Klasa: 2->1, Rodzice/Dzieci: 1->1.80, Rodzeństwo/Małżonkowie: 2->3.11;, Wiek: 23->17.43;, Klasa: 2->1, Rodzice/Dzieci: 1->1.26, Rodzeństwo/Małżonkowie: 2->2.21, Wiek: 23->25.60, Opłata: 11.50->19.30;, Wiek: 23->8.50;","3","1","4","3","1","1","4","4","4","4","2","2","1","1","2","2","1","1","1","1","1","1","1","1","1","1","27-45","Szkoła średnia","Edukacja",""
"D4op4Ab","pbDG7Jb","2025-12-13 11:24:54","Tak","Tak","Nie","","","","","","","","","","","","3","1","1","3","2","1","1","2","1","3","2","2","5","3","1","3","5","4","3","3","1","3","3","3","1","4","2","1","2","2","1","3","2","2","Wiek: 56->17.50, Płeć: mężczyzna->kobieta;, Wiek: 56->64, Opłata: 35.50->27.72;, Płeć: mężczyzna->kobieta, Wiek: 56->43.46, Opłata: 35.50->61.39;, Klasa: 1->3, Płeć: mężczyzna->kobieta, Wiek: 56->28.83, Opłata: 35.50->0, Rodzeństwo/Małżonkowie: 0->0.65;, Rodzeństwo/Małżonkowie: 0->1.11;, Rodzeństwo/Małżonkowie: 0->5, Płeć: mężczyzna->kobieta;, Rodzeństwo/Małżonkowie: 0->3, Klasa: 1->3;, Opłata: 35.50->40.75, Rodzeństwo/Małżonkowie: 0->0.10, Wiek: 56->57.07;, Rodzeństwo/Małżonkowie: 0->5, Opłata: 35.50->250.89;","Rodzice/Dzieci: 1->5, Płeć: mężczyzna->kobieta;, Klasa: 2->1, Rodzice/Dzieci: 1->1.80, Rodzeństwo/Małżonkowie: 2->3.11;, Rodzeństwo/Małżonkowie: 2->7, Klasa: 2->1;, Klasa: 2->3, Płeć: mężczyzna->kobieta, Rodzice/Dzieci: 1->0, Rodzeństwo/Małżonkowie: 2->0.85, Wiek: 23->30.54, Opłata: 11.50->0;, Klasa: 2->1, Rodzice/Dzieci: 1->1.26, Rodzeństwo/Małżonkowie: 2->2.21, Wiek: 23->25.60, Opłata: 11.50->19.30;, Wiek: 23->17.43;, Wiek: 23->3.70;, Wiek: 23->8.50;, Wiek: 23->8, Rodzeństwo/Małżonkowie: 2->1, Opłata: 11.50->36.75;","2","1","4","1","1","4","4","1","4","1","1","3","1","1","1","1","1","1","1","1","1","1","2","2","1","1","27-45","Tytuł magistra","Nauki społeczne / Psychologia / Prawo",""
"EkGlk4X","2EKLJYM","2025-12-13 11:28:42","Tak","Tak","Nie","","","","","","","","","","","","2","2","1","2","4","1","1","3","1","3","4","2","5","5","4","3","4","5","4","4","1","4","3","4","1","5","3","1","3","3","1","3","3","2","Rodzeństwo/Małżonkowie: 0->5, Opłata: 35.50->250.89;, Rodzeństwo/Małżonkowie: 0->1.11;, Rodzeństwo/Małżonkowie: 0->5, Płeć: mężczyzna->kobieta;, Rodzeństwo/Małżonkowie: 0->3, Klasa: 1->3;, Wiek: 56->64, Opłata: 35.50->27.72;, Klasa: 1->3, Płeć: mężczyzna->kobieta, Wiek: 56->28.83, Opłata: 35.50->0, Rodzeństwo/Małżonkowie: 0->0.65;, Opłata: 35.50->40.75, Rodzeństwo/Małżonkowie: 0->0.10, Wiek: 56->57.07;, Płeć: mężczyzna->kobieta, Wiek: 56->43.46, Opłata: 35.50->61.39;, Wiek: 56->17.50, Płeć: mężczyzna->kobieta;","Rodzeństwo/Małżonkowie: 2->7, Klasa: 2->1;, Klasa: 2->1, Rodzice/Dzieci: 1->1.26, Rodzeństwo/Małżonkowie: 2->2.21, Wiek: 23->25.60, Opłata: 11.50->19.30;, Rodzice/Dzieci: 1->5, Płeć: mężczyzna->kobieta;, Wiek: 23->3.70;, Klasa: 2->1, Rodzice/Dzieci: 1->1.80, Rodzeństwo/Małżonkowie: 2->3.11;, Klasa: 2->3, Płeć: mężczyzna->kobieta, Rodzice/Dzieci: 1->0, Rodzeństwo/Małżonkowie: 2->0.85, Wiek: 23->30.54, Opłata: 11.50->0;, Wiek: 23->17.43;, Wiek: 23->8.50;, Wiek: 23->8, Rodzeństwo/Małżonkowie: 2->1, Opłata: 11.50->36.75;","3","4","3","5","2","4","4","2","4","2","2","4","2","1","2","2","2","2","1","1","1","1","2","3","1","3","46-65","Szkoła średnia","Nauki społeczne / Psychologia / Prawo",""
"aQ14O62","MeELJ0A","2025-12-13 11:30:44","Nie","Tak","Nie","","","","","","","","","","","","3","1","1","4","5","4","1","5","1","2","5","3","5","1","4","5","5","1","3","2","1","4","4","4","1","5","5","3","4","5","2","4","5","3","Wiek: 56->17.50, Płeć: mężczyzna->kobieta;, Wiek: 56->64, Opłata: 35.50->27.72;, Rodzeństwo/Małżonkowie: 0->5, Płeć: mężczyzna->kobieta;, Opłata: 35.50->40.75, Rodzeństwo/Małżonkowie: 0->0.10, Wiek: 56->57.07;, Rodzeństwo/Małżonkowie: 0->3, Klasa: 1->3;, Płeć: mężczyzna->kobieta, Wiek: 56->43.46, Opłata: 35.50->61.39;, Rodzeństwo/Małżonkowie: 0->1.11;, Rodzeństwo/Małżonkowie: 0->5, Opłata: 35.50->250.89;, Klasa: 1->3, Płeć: mężczyzna->kobieta, Wiek: 56->28.83, Opłata: 35.50->0, Rodzeństwo/Małżonkowie: 0->0.65;","Wiek: 23->3.70;, Rodzice/Dzieci: 1->5, Płeć: mężczyzna->kobieta;, Klasa: 2->1, Rodzice/Dzieci: 1->1.80, Rodzeństwo/Małżonkowie: 2->3.11;, Klasa: 2->1, Rodzice/Dzieci: 1->1.26, Rodzeństwo/Małżonkowie: 2->2.21, Wiek: 23->25.60, Opłata: 11.50->19.30;, Wiek: 23->8.50;, Klasa: 2->3, Płeć: mężczyzna->kobieta, Rodzice/Dzieci: 1->0, Rodzeństwo/Małżonkowie: 2->0.85, Wiek: 23->30.54, Opłata: 11.50->0;, Rodzeństwo/Małżonkowie: 2->7, Klasa: 2->1;, Wiek: 23->8, Rodzeństwo/Małżonkowie: 2->1, Opłata: 11.50->36.75;, Wiek: 23->17.43;","2","1","4","1","2","5","4","1","4","1","2","4","1","1","3","1","1","3","3","3","1","1","1","3","1","1","27-45","Tytuł magistra","Sektor publiczny / Organizacja non-profit",""
"Y5bGRRJ","pbDGPa1","2025-12-13 11:45:03","Nie","Tak","Tak","Tak, często","Badania naukowe, Decyzje dotyczące diagnozy medycznej, Decyzje finansowe dotyczące pożyczek/kredytów","true","true","false","false","false","true","false","false","","2","4","1","4","5","2","2","4","1","3","5","5","5","3","2","5","5","4","5","2","1","5","4","5","1","5","4","3","3","5","1","2","3","5","Wiek: 56->64, Opłata: 35.50->27.72;, Płeć: mężczyzna->kobieta, Wiek: 56->43.46, Opłata: 35.50->61.39;, Wiek: 56->17.50, Płeć: mężczyzna->kobieta;, Rodzeństwo/Małżonkowie: 0->5, Płeć: mężczyzna->kobieta;, Rodzeństwo/Małżonkowie: 0->1.11;, Opłata: 35.50->40.75, Rodzeństwo/Małżonkowie: 0->0.10, Wiek: 56->57.07;, Klasa: 1->3, Płeć: mężczyzna->kobieta, Wiek: 56->28.83, Opłata: 35.50->0, Rodzeństwo/Małżonkowie: 0->0.65;, Rodzeństwo/Małżonkowie: 0->3, Klasa: 1->3;, Rodzeństwo/Małżonkowie: 0->5, Opłata: 35.50->250.89;","Klasa: 2->1, Rodzice/Dzieci: 1->1.26, Rodzeństwo/Małżonkowie: 2->2.21, Wiek: 23->25.60, Opłata: 11.50->19.30;, Klasa: 2->3, Płeć: mężczyzna->kobieta, Rodzice/Dzieci: 1->0, Rodzeństwo/Małżonkowie: 2->0.85, Wiek: 23->30.54, Opłata: 11.50->0;, Rodzice/Dzieci: 1->5, Płeć: mężczyzna->kobieta;, Klasa: 2->1, Rodzice/Dzieci: 1->1.80, Rodzeństwo/Małżonkowie: 2->3.11;, Wiek: 23->8.50;, Wiek: 23->8, Rodzeństwo/Małżonkowie: 2->1, Opłata: 11.50->36.75;, Rodzeństwo/Małżonkowie: 2->7, Klasa: 2->1;, Wiek: 23->17.43;, Wiek: 23->3.70;","1","1","3","1","1","5","2","1","2","1","3","3","1","1","4","1","1","1","1","1","1","1","1","3","1","3","46-65","Szkoła średnia","Inny","Policja"
"GxVp0vQ","LZPXkDl","2025-12-13 12:49:50","Nie","Tak","Nie","","","","","","","","","","","","1","5","1","5","4","3","1","4","1","2","4","5","4","4","2","5","4","4","3","4","1","4","3","5","1","5","2","1","2","3","1","3","4","5","Wiek: 56->17.50, Płeć: mężczyzna->kobieta;, Płeć: mężczyzna->kobieta, Wiek: 56->43.46, Opłata: 35.50->61.39;, Rodzeństwo/Małżonkowie: 0->5, Płeć: mężczyzna->kobieta;, Klasa: 1->3, Płeć: mężczyzna->kobieta, Wiek: 56->28.83, Opłata: 35.50->0, Rodzeństwo/Małżonkowie: 0->0.65;, Rodzeństwo/Małżonkowie: 0->3, Klasa: 1->3;, Rodzeństwo/Małżonkowie: 0->1.11;, Rodzeństwo/Małżonkowie: 0->5, Opłata: 35.50->250.89;, Wiek: 56->64, Opłata: 35.50->27.72;, Opłata: 35.50->40.75, Rodzeństwo/Małżonkowie: 0->0.10, Wiek: 56->57.07;","Wiek: 23->3.70;, Wiek: 23->8, Rodzeństwo/Małżonkowie: 2->1, Opłata: 11.50->36.75;, Wiek: 23->8.50;, Wiek: 23->17.43;, Rodzice/Dzieci: 1->5, Płeć: mężczyzna->kobieta;, Klasa: 2->3, Płeć: mężczyzna->kobieta, Rodzice/Dzieci: 1->0, Rodzeństwo/Małżonkowie: 2->0.85, Wiek: 23->30.54, Opłata: 11.50->0;, Klasa: 2->1, Rodzice/Dzieci: 1->1.26, Rodzeństwo/Małżonkowie: 2->2.21, Wiek: 23->25.60, Opłata: 11.50->19.30;, Rodzeństwo/Małżonkowie: 2->7, Klasa: 2->1;, Klasa: 2->1, Rodzice/Dzieci: 1->1.80, Rodzeństwo/Małżonkowie: 2->3.11;","3","2","4","1","1","5","4","1","4","1","3","3","1","1","2","1","1","1","1","1","1","1","1","4","1","4","27-45","Szkoła średnia","Inny",""
"obZR1Ne","dW9loBA","2025-12-13 14:38:05","Nie","Tak","Nie","","","","","","","","","","","","3","3","1","5","4","2","2","4","1","5","5","4","5","2","1","5","5","3","4","3","1","5","3","5","1","5","5","5","1","1","1","3","4","5","Opłata: 35.50->40.75, Rodzeństwo/Małżonkowie: 0->0.10, Wiek: 56->57.07;, Klasa: 1->3, Płeć: mężczyzna->kobieta, Wiek: 56->28.83, Opłata: 35.50->0, Rodzeństwo/Małżonkowie: 0->0.65;, Rodzeństwo/Małżonkowie: 0->3, Klasa: 1->3;, Rodzeństwo/Małżonkowie: 0->5, Płeć: mężczyzna->kobieta;, Rodzeństwo/Małżonkowie: 0->5, Opłata: 35.50->250.89;, Wiek: 56->17.50, Płeć: mężczyzna->kobieta;, Wiek: 56->64, Opłata: 35.50->27.72;, Rodzeństwo/Małżonkowie: 0->1.11;, Płeć: mężczyzna->kobieta, Wiek: 56->43.46, Opłata: 35.50->61.39;","Klasa: 2->1, Rodzice/Dzieci: 1->1.26, Rodzeństwo/Małżonkowie: 2->2.21, Wiek: 23->25.60, Opłata: 11.50->19.30;, Klasa: 2->3, Płeć: mężczyzna->kobieta, Rodzice/Dzieci: 1->0, Rodzeństwo/Małżonkowie: 2->0.85, Wiek: 23->30.54, Opłata: 11.50->0;, Klasa: 2->1, Rodzice/Dzieci: 1->1.80, Rodzeństwo/Małżonkowie: 2->3.11;, Wiek: 23->17.43;, Wiek: 23->3.70;, Wiek: 23->8.50;, Wiek: 23->8, Rodzeństwo/Małżonkowie: 2->1, Opłata: 11.50->36.75;, Rodzeństwo/Małżonkowie: 2->7, Klasa: 2->1;, Rodzice/Dzieci: 1->5, Płeć: mężczyzna->kobieta;","3","1","3","1","1","5","4","1","4","1","4","1","1","3","3","1","2","4","1","4","1","1","1","4","1","3","46-65","Tytuł magistra","Opieka zdrowotna / Medycyna",""
"ZjA2NV0","RGDYxb4","2025-12-13 17:17:14","Tak","Tak","Nie","","","","","","","","","","","","2","5","1","5","5","5","2","5","1","1","3","5","5","5","1","5","5","4","3","2","1","5","2","5","1","5","4","5","2","5","1","4","4","5","Rodzeństwo/Małżonkowie: 0->1.11;, Rodzeństwo/Małżonkowie: 0->5, Opłata: 35.50->250.89;, Płeć: mężczyzna->kobieta, Wiek: 56->43.46, Opłata: 35.50->61.39;, Opłata: 35.50->40.75, Rodzeństwo/Małżonkowie: 0->0.10, Wiek: 56->57.07;, Wiek: 56->17.50, Płeć: mężczyzna->kobieta;, Rodzeństwo/Małżonkowie: 0->3, Klasa: 1->3;, Rodzeństwo/Małżonkowie: 0->5, Płeć: mężczyzna->kobieta;, Wiek: 56->64, Opłata: 35.50->27.72;, Klasa: 1->3, Płeć: mężczyzna->kobieta, Wiek: 56->28.83, Opłata: 35.50->0, Rodzeństwo/Małżonkowie: 0->0.65;","Rodzeństwo/Małżonkowie: 2->7, Klasa: 2->1;, Rodzice/Dzieci: 1->5, Płeć: mężczyzna->kobieta;, Klasa: 2->3, Płeć: mężczyzna->kobieta, Rodzice/Dzieci: 1->0, Rodzeństwo/Małżonkowie: 2->0.85, Wiek: 23->30.54, Opłata: 11.50->0;, Wiek: 23->17.43;, Wiek: 23->8, Rodzeństwo/Małżonkowie: 2->1, Opłata: 11.50->36.75;, Klasa: 2->1, Rodzice/Dzieci: 1->1.80, Rodzeństwo/Małżonkowie: 2->3.11;, Klasa: 2->1, Rodzice/Dzieci: 1->1.26, Rodzeństwo/Małżonkowie: 2->2.21, Wiek: 23->25.60, Opłata: 11.50->19.30;, Wiek: 23->3.70;, Wiek: 23->8.50;","4","1","4","1","1","5","4","1","4","1","3","4","1","1","4","1","3","3","1","1","1","1","1","5","1","1","19-26","Szkoła średnia","Informatyka / Inżynieria oprogramowania",""
"GxVlvlk","yPJv79g","2025-12-13 22:36:20","Tak","Tak","Nie","","","","","","","","","","","","2","4","1","5","5","4","1","4","1","3","4","5","5","3","1","5","5","3","4","3","1","4","3","5","1","5","4","2","2","2","1","3","2","4","Rodzeństwo/Małżonkowie: 0->5, Opłata: 35.50->250.89;, Rodzeństwo/Małżonkowie: 0->5, Płeć: mężczyzna->kobieta;, Rodzeństwo/Małżonkowie: 0->3, Klasa: 1->3;, Płeć: mężczyzna->kobieta, Wiek: 56->43.46, Opłata: 35.50->61.39;, Klasa: 1->3, Płeć: mężczyzna->kobieta, Wiek: 56->28.83, Opłata: 35.50->0, Rodzeństwo/Małżonkowie: 0->0.65;, Wiek: 56->64, Opłata: 35.50->27.72;, Rodzeństwo/Małżonkowie: 0->1.11;, Opłata: 35.50->40.75, Rodzeństwo/Małżonkowie: 0->0.10, Wiek: 56->57.07;, Wiek: 56->17.50, Płeć: mężczyzna->kobieta;","Klasa: 2->1, Rodzice/Dzieci: 1->1.26, Rodzeństwo/Małżonkowie: 2->2.21, Wiek: 23->25.60, Opłata: 11.50->19.30;, Rodzice/Dzieci: 1->5, Płeć: mężczyzna->kobieta;, Wiek: 23->17.43;, Klasa: 2->3, Płeć: mężczyzna->kobieta, Rodzice/Dzieci: 1->0, Rodzeństwo/Małżonkowie: 2->0.85, Wiek: 23->30.54, Opłata: 11.50->0;, Klasa: 2->1, Rodzice/Dzieci: 1->1.80, Rodzeństwo/Małżonkowie: 2->3.11;, Rodzeństwo/Małżonkowie: 2->7, Klasa: 2->1;, Wiek: 23->8, Rodzeństwo/Małżonkowie: 2->1, Opłata: 11.50->36.75;, Wiek: 23->3.70;, Wiek: 23->8.50;","3","3","4","1","1","5","4","2","4","2","3","3","1","1","2","1","2","2","2","2","1","1","3","3","1","3","27-45","Tytuł magistra","Nauki społeczne / Psychologia / Prawo",""
"PdN5ab1","WO8M7BR","2025-12-14 13:27:16","Nie","Tak","Nie","","","","","","","","","","","","2","4","1","5","5","4","2","3","1","4","5","5","5","1","3","5","5","4","5","1","1","2","2","5","1","5","4","5","1","4","1","1","4","5","Wiek: 56->64, Opłata: 35.50->27.72;, Rodzeństwo/Małżonkowie: 0->5, Płeć: mężczyzna->kobieta;, Rodzeństwo/Małżonkowie: 0->5, Opłata: 35.50->250.89;, Rodzeństwo/Małżonkowie: 0->1.11;, Opłata: 35.50->40.75, Rodzeństwo/Małżonkowie: 0->0.10, Wiek: 56->57.07;, Rodzeństwo/Małżonkowie: 0->3, Klasa: 1->3;, Klasa: 1->3, Płeć: mężczyzna->kobieta, Wiek: 56->28.83, Opłata: 35.50->0, Rodzeństwo/Małżonkowie: 0->0.65;, Wiek: 56->17.50, Płeć: mężczyzna->kobieta;, Płeć: mężczyzna->kobieta, Wiek: 56->43.46, Opłata: 35.50->61.39;","Wiek: 23->3.70;, Klasa: 2->1, Rodzice/Dzieci: 1->1.80, Rodzeństwo/Małżonkowie: 2->3.11;, Klasa: 2->3, Płeć: mężczyzna->kobieta, Rodzice/Dzieci: 1->0, Rodzeństwo/Małżonkowie: 2->0.85, Wiek: 23->30.54, Opłata: 11.50->0;, Wiek: 23->8, Rodzeństwo/Małżonkowie: 2->1, Opłata: 11.50->36.75;, Wiek: 23->8.50;, Wiek: 23->17.43;, Rodzeństwo/Małżonkowie: 2->7, Klasa: 2->1;, Rodzice/Dzieci: 1->5, Płeć: mężczyzna->kobieta;, Klasa: 2->1, Rodzice/Dzieci: 1->1.26, Rodzeństwo/Małżonkowie: 2->2.21, Wiek: 23->25.60, Opłata: 11.50->19.30;","4","1","4","1","1","5","4","1","4","1","2","4","1","1","3","1","2","4","2","1","1","1","2","5","1","1","65+","Tytuł magistra","Sektor publiczny / Organizacja non-profit",""
"QKqAjbp","kdNR2dj","2025-12-14 22:15:26","Nie","Tak","Nie","","","","","","","","","","","","3","4","1","5","4","4","3","3","2","3","4","5","5","4","4","5","5","3","4","3","1","5","5","4","1","5","4","5","4","4","2","3","5","5","Klasa: 1->3, Płeć: mężczyzna->kobieta, Wiek: 56->28.83, Opłata: 35.50->0, Rodzeństwo/Małżonkowie: 0->0.65;, Wiek: 56->17.50, Płeć: mężczyzna->kobieta;, Rodzeństwo/Małżonkowie: 0->1.11;, Rodzeństwo/Małżonkowie: 0->3, Klasa: 1->3;, Płeć: mężczyzna->kobieta, Wiek: 56->43.46, Opłata: 35.50->61.39;, Rodzeństwo/Małżonkowie: 0->5, Opłata: 35.50->250.89;, Opłata: 35.50->40.75, Rodzeństwo/Małżonkowie: 0->0.10, Wiek: 56->57.07;, Wiek: 56->64, Opłata: 35.50->27.72;, Rodzeństwo/Małżonkowie: 0->5, Płeć: mężczyzna->kobieta;","Klasa: 2->1, Rodzice/Dzieci: 1->1.26, Rodzeństwo/Małżonkowie: 2->2.21, Wiek: 23->25.60, Opłata: 11.50->19.30;, Rodzice/Dzieci: 1->5, Płeć: mężczyzna->kobieta;, Klasa: 2->1, Rodzice/Dzieci: 1->1.80, Rodzeństwo/Małżonkowie: 2->3.11;, Wiek: 23->8.50;, Klasa: 2->3, Płeć: mężczyzna->kobieta, Rodzice/Dzieci: 1->0, Rodzeństwo/Małżonkowie: 2->0.85, Wiek: 23->30.54, Opłata: 11.50->0;, Wiek: 23->3.70;, Wiek: 23->17.43;, Wiek: 23->8, Rodzeństwo/Małżonkowie: 2->1, Opłata: 11.50->36.75;, Rodzeństwo/Małżonkowie: 2->7, Klasa: 2->1;","2","2","2","1","1","4","3","1","3","2","3","3","1","1","3","1","3","2","1","1","1","1","2","1","1","1","46-65","Doktorat+","Edukacja",""
"aQ1G1MW","Ekx8qZB","2025-12-15 10:31:05","Tak","Tak","Nie","","","","","","","","","","","","1","4","1","5","4","3","2","4","1","3","3","5","5","4","2","5","5","3","5","3","1","3","4","4","1","5","5","3","3","4","1","3","4","5","Opłata: 35.50->40.75, Rodzeństwo/Małżonkowie: 0->0.10, Wiek: 56->57.07;, Płeć: mężczyzna->kobieta, Wiek: 56->43.46, Opłata: 35.50->61.39;, Rodzeństwo/Małżonkowie: 0->5, Płeć: mężczyzna->kobieta;, Rodzeństwo/Małżonkowie: 0->1.11;, Klasa: 1->3, Płeć: mężczyzna->kobieta, Wiek: 56->28.83, Opłata: 35.50->0, Rodzeństwo/Małżonkowie: 0->0.65;, Rodzeństwo/Małżonkowie: 0->5, Opłata: 35.50->250.89;, Wiek: 56->17.50, Płeć: mężczyzna->kobieta;, Rodzeństwo/Małżonkowie: 0->3, Klasa: 1->3;, Wiek: 56->64, Opłata: 35.50->27.72;","Klasa: 2->1, Rodzice/Dzieci: 1->1.80, Rodzeństwo/Małżonkowie: 2->3.11;, Wiek: 23->8, Rodzeństwo/Małżonkowie: 2->1, Opłata: 11.50->36.75;, Rodzice/Dzieci: 1->5, Płeć: mężczyzna->kobieta;, Wiek: 23->3.70;, Wiek: 23->17.43;, Wiek: 23->8.50;, Rodzeństwo/Małżonkowie: 2->7, Klasa: 2->1;, Klasa: 2->1, Rodzice/Dzieci: 1->1.26, Rodzeństwo/Małżonkowie: 2->2.21, Wiek: 23->25.60, Opłata: 11.50->19.30;, Klasa: 2->3, Płeć: mężczyzna->kobieta, Rodzice/Dzieci: 1->0, Rodzeństwo/Małżonkowie: 2->0.85, Wiek: 23->30.54, Opłata: 11.50->0;","4","3","5","1","1","5","5","1","5","1","4","3","2","1","4","1","3","3","2","1","1","1","1","4","1","2","19-26","Tytuł magistra","Opieka zdrowotna / Medycyna",""
"rjQVzJM","68ZrExo","2025-12-15 14:52:14","Tak","Tak","Tak","Tak, rzadko","Decyzje finansowe dotyczące pożyczek/kredytów, Zatrudnianie i rekrutacja, Decyzje prawne/sądowe, Decyzje dotyczące diagnozy medycznej, Badania naukowe, Strategia biznesowa","true","true","true","true","false","true","true","false","","2","4","1","5","5","4","3","3","1","4","5","5","5","4","1","5","5","5","4","4","1","2","2","5","1","5","5","4","2","5","1","3","3","4","Płeć: mężczyzna->kobieta, Wiek: 56->43.46, Opłata: 35.50->61.39;, Rodzeństwo/Małżonkowie: 0->5, Płeć: mężczyzna->kobieta;, Klasa: 1->3, Płeć: mężczyzna->kobieta, Wiek: 56->28.83, Opłata: 35.50->0, Rodzeństwo/Małżonkowie: 0->0.65;, Wiek: 56->17.50, Płeć: mężczyzna->kobieta;, Rodzeństwo/Małżonkowie: 0->5, Opłata: 35.50->250.89;, Wiek: 56->64, Opłata: 35.50->27.72;, Opłata: 35.50->40.75, Rodzeństwo/Małżonkowie: 0->0.10, Wiek: 56->57.07;, Rodzeństwo/Małżonkowie: 0->1.11;, Rodzeństwo/Małżonkowie: 0->3, Klasa: 1->3;","Rodzice/Dzieci: 1->5, Płeć: mężczyzna->kobieta;, Wiek: 23->8.50;, Wiek: 23->3.70;, Wiek: 23->17.43;, Klasa: 2->3, Płeć: mężczyzna->kobieta, Rodzice/Dzieci: 1->0, Rodzeństwo/Małżonkowie: 2->0.85, Wiek: 23->30.54, Opłata: 11.50->0;, Klasa: 2->1, Rodzice/Dzieci: 1->1.80, Rodzeństwo/Małżonkowie: 2->3.11;, Wiek: 23->8, Rodzeństwo/Małżonkowie: 2->1, Opłata: 11.50->36.75;, Rodzeństwo/Małżonkowie: 2->7, Klasa: 2->1;, Klasa: 2->1, Rodzice/Dzieci: 1->1.26, Rodzeństwo/Małżonkowie: 2->2.21, Wiek: 23->25.60, Opłata: 11.50->19.30;","2","1","4","1","2","5","5","1","5","1","4","5","1","1","5","1","4","4","2","4","1","1","5","5","1","4","19-26","Licencjat","AI / Machine Learning / Data Science",""
"2EYJzje","0Qe12VA","2025-12-15 22:17:54","Nie","Tak","Tak","Tak, często","Decyzje dotyczące diagnozy medycznej, Zatrudnianie i rekrutacja, Rekomendacje produktów, Badania naukowe, Strategia biznesowa","true","false","true","false","true","true","true","false","","2","2","1","5","4","2","1","1","1","2","3","3","5","3","1","4","5","3","3","3","1","5","1","5","1","5","4","1","2","4","1","1","2","5","Płeć: mężczyzna->kobieta, Wiek: 56->43.46, Opłata: 35.50->61.39;, Klasa: 1->3, Płeć: mężczyzna->kobieta, Wiek: 56->28.83, Opłata: 35.50->0, Rodzeństwo/Małżonkowie: 0->0.65;, Rodzeństwo/Małżonkowie: 0->5, Płeć: mężczyzna->kobieta;, Rodzeństwo/Małżonkowie: 0->3, Klasa: 1->3;, Wiek: 56->17.50, Płeć: mężczyzna->kobieta;, Rodzeństwo/Małżonkowie: 0->1.11;, Opłata: 35.50->40.75, Rodzeństwo/Małżonkowie: 0->0.10, Wiek: 56->57.07;, Rodzeństwo/Małżonkowie: 0->5, Opłata: 35.50->250.89;, Wiek: 56->64, Opłata: 35.50->27.72;","Rodzeństwo/Małżonkowie: 2->7, Klasa: 2->1;, Klasa: 2->1, Rodzice/Dzieci: 1->1.26, Rodzeństwo/Małżonkowie: 2->2.21, Wiek: 23->25.60, Opłata: 11.50->19.30;, Wiek: 23->8, Rodzeństwo/Małżonkowie: 2->1, Opłata: 11.50->36.75;, Rodzice/Dzieci: 1->5, Płeć: mężczyzna->kobieta;, Wiek: 23->3.70;, Klasa: 2->1, Rodzice/Dzieci: 1->1.80, Rodzeństwo/Małżonkowie: 2->3.11;, Klasa: 2->3, Płeć: mężczyzna->kobieta, Rodzice/Dzieci: 1->0, Rodzeństwo/Małżonkowie: 2->0.85, Wiek: 23->30.54, Opłata: 11.50->0;, Wiek: 23->8.50;, Wiek: 23->17.43;","1","4","2","3","1","5","2","3","3","3","2","2","1","1","3","1","3","2","1","1","1","1","1","5","1","5","46-65","Szkoła średnia","Inny","Obsługa maszyn "
"EkGBeVr","A7BjKB0","2025-12-16 09:01:36","Tak","Tak","Nie","","","","","","","","","","","","2","4","1","4","3","4","1","5","1","3","4","5","5","4","2","5","5","3","4","2","1","2","3","4","1","5","3","5","2","3","1","3","3","5","Wiek: 56->17.50, Płeć: mężczyzna->kobieta;, Rodzeństwo/Małżonkowie: 0->5, Płeć: mężczyzna->kobieta;, Płeć: mężczyzna->kobieta, Wiek: 56->43.46, Opłata: 35.50->61.39;, Rodzeństwo/Małżonkowie: 0->5, Opłata: 35.50->250.89;, Rodzeństwo/Małżonkowie: 0->3, Klasa: 1->3;, Rodzeństwo/Małżonkowie: 0->1.11;, Opłata: 35.50->40.75, Rodzeństwo/Małżonkowie: 0->0.10, Wiek: 56->57.07;, Wiek: 56->64, Opłata: 35.50->27.72;, Klasa: 1->3, Płeć: mężczyzna->kobieta, Wiek: 56->28.83, Opłata: 35.50->0, Rodzeństwo/Małżonkowie: 0->0.65;","Wiek: 23->3.70;, Wiek: 23->8.50;, Klasa: 2->3, Płeć: mężczyzna->kobieta, Rodzice/Dzieci: 1->0, Rodzeństwo/Małżonkowie: 2->0.85, Wiek: 23->30.54, Opłata: 11.50->0;, Rodzice/Dzieci: 1->5, Płeć: mężczyzna->kobieta;, Klasa: 2->1, Rodzice/Dzieci: 1->1.26, Rodzeństwo/Małżonkowie: 2->2.21, Wiek: 23->25.60, Opłata: 11.50->19.30;, Wiek: 23->17.43;, Klasa: 2->1, Rodzice/Dzieci: 1->1.80, Rodzeństwo/Małżonkowie: 2->3.11;, Wiek: 23->8, Rodzeństwo/Małżonkowie: 2->1, Opłata: 11.50->36.75;, Rodzeństwo/Małżonkowie: 2->7, Klasa: 2->1;","3","1","3","1","1","5","4","1","4","1","1","4","1","1","4","1","3","3","3","3","1","1","4","4","1","3","19-26","Szkoła średnia","Informatyka / Inżynieria oprogramowania",""
"81YJVXO","Zj2ZoNy","2025-12-16 09:02:11","Tak","Tak","Nie","","","","","","","","","","","","2","2","1","2","4","3","1","5","1","3","3","4","5","2","1","4","5","3","3","2","1","1","4","3","1","5","3","2","1","3","1","1","2","4","Wiek: 56->64, Opłata: 35.50->27.72;, Wiek: 56->17.50, Płeć: mężczyzna->kobieta;, Płeć: mężczyzna->kobieta, Wiek: 56->43.46, Opłata: 35.50->61.39;, Rodzeństwo/Małżonkowie: 0->5, Opłata: 35.50->250.89;, Rodzeństwo/Małżonkowie: 0->5, Płeć: mężczyzna->kobieta;, Klasa: 1->3, Płeć: mężczyzna->kobieta, Wiek: 56->28.83, Opłata: 35.50->0, Rodzeństwo/Małżonkowie: 0->0.65;, Opłata: 35.50->40.75, Rodzeństwo/Małżonkowie: 0->0.10, Wiek: 56->57.07;, Rodzeństwo/Małżonkowie: 0->1.11;, Rodzeństwo/Małżonkowie: 0->3, Klasa: 1->3;","Klasa: 2->1, Rodzice/Dzieci: 1->1.80, Rodzeństwo/Małżonkowie: 2->3.11;, Klasa: 2->3, Płeć: mężczyzna->kobieta, Rodzice/Dzieci: 1->0, Rodzeństwo/Małżonkowie: 2->0.85, Wiek: 23->30.54, Opłata: 11.50->0;, Rodzeństwo/Małżonkowie: 2->7, Klasa: 2->1;, Wiek: 23->3.70;, Wiek: 23->8, Rodzeństwo/Małżonkowie: 2->1, Opłata: 11.50->36.75;, Rodzice/Dzieci: 1->5, Płeć: mężczyzna->kobieta;, Klasa: 2->1, Rodzice/Dzieci: 1->1.26, Rodzeństwo/Małżonkowie: 2->2.21, Wiek: 23->25.60, Opłata: 11.50->19.30;, Wiek: 23->17.43;, Wiek: 23->8.50;","2","3","3","3","1","5","4","1","4","1","3","4","1","1","3","1","2","1","2","2","1","1","3","2","1","3","27-45","Tytuł magistra","Informatyka / Inżynieria oprogramowania",""
"obZ5e5x","jalvE2R","2025-12-16 17:46:50","Tak","Nie","Nie","","","","","","","","","","","","5","5","1","5","5","3","2","5","1","2","5","4","5","3","3","4","5","2","5","2","1","1","5","5","1","5","4","3","2","4","1","1","5","3","Rodzeństwo/Małżonkowie: 0->5, Opłata: 35.50->250.89;, Płeć: mężczyzna->kobieta, Wiek: 56->43.46, Opłata: 35.50->61.39;, Wiek: 56->17.50, Płeć: mężczyzna->kobieta;, Rodzeństwo/Małżonkowie: 0->5, Płeć: mężczyzna->kobieta;, Rodzeństwo/Małżonkowie: 0->1.11;, Klasa: 1->3, Płeć: mężczyzna->kobieta, Wiek: 56->28.83, Opłata: 35.50->0, Rodzeństwo/Małżonkowie: 0->0.65;, Rodzeństwo/Małżonkowie: 0->3, Klasa: 1->3;, Opłata: 35.50->40.75, Rodzeństwo/Małżonkowie: 0->0.10, Wiek: 56->57.07;, Wiek: 56->64, Opłata: 35.50->27.72;","Wiek: 23->8.50;, Klasa: 2->3, Płeć: mężczyzna->kobieta, Rodzice/Dzieci: 1->0, Rodzeństwo/Małżonkowie: 2->0.85, Wiek: 23->30.54, Opłata: 11.50->0;, Klasa: 2->1, Rodzice/Dzieci: 1->1.80, Rodzeństwo/Małżonkowie: 2->3.11;, Wiek: 23->17.43;, Klasa: 2->1, Rodzice/Dzieci: 1->1.26, Rodzeństwo/Małżonkowie: 2->2.21, Wiek: 23->25.60, Opłata: 11.50->19.30;, Rodzeństwo/Małżonkowie: 2->7, Klasa: 2->1;, Rodzice/Dzieci: 1->5, Płeć: mężczyzna->kobieta;, Wiek: 23->8, Rodzeństwo/Małżonkowie: 2->1, Opłata: 11.50->36.75;, Wiek: 23->3.70;","1","1","1","1","1","1","4","2","2","2","3","1","1","1","1","1","1","1","2","1","1","1","1","1","1","1","27-45","Szkoła średnia","Inny","Policja "
"kd4DxEd","5BZ7ZJd","2025-12-21 12:04:12","Nie","Tak","Nie","","","","","","","","","","","","1","3","1","5","5","3","2","4","1","4","4","4","4","4","1","5","5","5","3","5","1","4","2","5","1","5","3","2","2","4","1","4","3","4","Klasa: 1->3, Płeć: mężczyzna->kobieta, Wiek: 56->28.83, Opłata: 35.50->0, Rodzeństwo/Małżonkowie: 0->0.65;, Rodzeństwo/Małżonkowie: 0->5, Płeć: mężczyzna->kobieta;, Płeć: mężczyzna->kobieta, Wiek: 56->43.46, Opłata: 35.50->61.39;, Rodzeństwo/Małżonkowie: 0->3, Klasa: 1->3;, Wiek: 56->17.50, Płeć: mężczyzna->kobieta;, Opłata: 35.50->40.75, Rodzeństwo/Małżonkowie: 0->0.10, Wiek: 56->57.07;, Rodzeństwo/Małżonkowie: 0->1.11;, Rodzeństwo/Małżonkowie: 0->5, Opłata: 35.50->250.89;, Wiek: 56->64, Opłata: 35.50->27.72;","Klasa: 2->1, Rodzice/Dzieci: 1->1.80, Rodzeństwo/Małżonkowie: 2->3.11;, Klasa: 2->1, Rodzice/Dzieci: 1->1.26, Rodzeństwo/Małżonkowie: 2->2.21, Wiek: 23->25.60, Opłata: 11.50->19.30;, Klasa: 2->3, Płeć: mężczyzna->kobieta, Rodzice/Dzieci: 1->0, Rodzeństwo/Małżonkowie: 2->0.85, Wiek: 23->30.54, Opłata: 11.50->0;, Rodzice/Dzieci: 1->5, Płeć: mężczyzna->kobieta;, Wiek: 23->17.43;, Rodzeństwo/Małżonkowie: 2->7, Klasa: 2->1;, Wiek: 23->8, Rodzeństwo/Małżonkowie: 2->1, Opłata: 11.50->36.75;, Wiek: 23->3.70;, Wiek: 23->8.50;","2","2","3","1","1","5","4","2","5","2","1","2","1","1","2","1","3","2","1","1","1","1","1","3","1","4","46-65","Licencjat","Biznes / Zarządzanie",""
"D4oryQN","QK7ZVJ8","2025-12-21 12:10:20","Nie","Tak","Nie","","","","","","","","","","","","2","2","1","3","4","3","2","3","1","2","4","3","5","4","2","4","5","4","5","4","1","3","4","4","1","5","5","3","3","3","2","4","4","5","Płeć: mężczyzna->kobieta, Wiek: 56->43.46, Opłata: 35.50->61.39;, Opłata: 35.50->40.75, Rodzeństwo/Małżonkowie: 0->0.10, Wiek: 56->57.07;, Wiek: 56->64, Opłata: 35.50->27.72;, Rodzeństwo/Małżonkowie: 0->3, Klasa: 1->3;, Wiek: 56->17.50, Płeć: mężczyzna->kobieta;, Klasa: 1->3, Płeć: mężczyzna->kobieta, Wiek: 56->28.83, Opłata: 35.50->0, Rodzeństwo/Małżonkowie: 0->0.65;, Rodzeństwo/Małżonkowie: 0->5, Opłata: 35.50->250.89;, Rodzeństwo/Małżonkowie: 0->5, Płeć: mężczyzna->kobieta;, Rodzeństwo/Małżonkowie: 0->1.11;","Klasa: 2->1, Rodzice/Dzieci: 1->1.80, Rodzeństwo/Małżonkowie: 2->3.11;, Wiek: 23->3.70;, Wiek: 23->8, Rodzeństwo/Małżonkowie: 2->1, Opłata: 11.50->36.75;, Klasa: 2->1, Rodzice/Dzieci: 1->1.26, Rodzeństwo/Małżonkowie: 2->2.21, Wiek: 23->25.60, Opłata: 11.50->19.30;, Wiek: 23->8.50;, Rodzice/Dzieci: 1->5, Płeć: mężczyzna->kobieta;, Klasa: 2->3, Płeć: mężczyzna->kobieta, Rodzice/Dzieci: 1->0, Rodzeństwo/Małżonkowie: 2->0.85, Wiek: 23->30.54, Opłata: 11.50->0;, Rodzeństwo/Małżonkowie: 2->7, Klasa: 2->1;, Wiek: 23->17.43;","2","2","3","2","1","5","4","1","5","1","3","4","1","1","4","2","4","3","3","3","1","1","3","4","2","4","27-45","Tytuł magistra","Inżynieria",""
"LZjA2y2","RGDNLXj","2025-12-21 13:12:18","Tak","Tak","Nie","","","","","","","","","","","","4","4","1","4","5","4","2","4","2","4","5","4","5","4","4","4","5","5","4","4","2","4","4","4","1","2","4","2","2","4","2","4","3","4","Wiek: 56->64, Opłata: 35.50->27.72;, Rodzeństwo/Małżonkowie: 0->5, Opłata: 35.50->250.89;, Wiek: 56->17.50, Płeć: mężczyzna->kobieta;, Rodzeństwo/Małżonkowie: 0->3, Klasa: 1->3;, Rodzeństwo/Małżonkowie: 0->5, Płeć: mężczyzna->kobieta;, Klasa: 1->3, Płeć: mężczyzna->kobieta, Wiek: 56->28.83, Opłata: 35.50->0, Rodzeństwo/Małżonkowie: 0->0.65;, Płeć: mężczyzna->kobieta, Wiek: 56->43.46, Opłata: 35.50->61.39;, Opłata: 35.50->40.75, Rodzeństwo/Małżonkowie: 0->0.10, Wiek: 56->57.07;, Rodzeństwo/Małżonkowie: 0->1.11;","Klasa: 2->1, Rodzice/Dzieci: 1->1.80, Rodzeństwo/Małżonkowie: 2->3.11;, Rodzice/Dzieci: 1->5, Płeć: mężczyzna->kobieta;, Wiek: 23->3.70;, Wiek: 23->17.43;, Klasa: 2->1, Rodzice/Dzieci: 1->1.26, Rodzeństwo/Małżonkowie: 2->2.21, Wiek: 23->25.60, Opłata: 11.50->19.30;, Rodzeństwo/Małżonkowie: 2->7, Klasa: 2->1;, Klasa: 2->3, Płeć: mężczyzna->kobieta, Rodzice/Dzieci: 1->0, Rodzeństwo/Małżonkowie: 2->0.85, Wiek: 23->30.54, Opłata: 11.50->0;, Wiek: 23->8.50;, Wiek: 23->8, Rodzeństwo/Małżonkowie: 2->1, Opłata: 11.50->36.75;","2","1","3","1","1","1","4","1","4","1","1","1","1","1","2","1","1","1","1","1","1","1","1","1","1","1","46-65","Tytuł magistra","Biznes / Zarządzanie",""
"ODq1lMY","MeE47Jl","2025-12-21 14:41:17","Tak","Tak","Nie","Tak, często","","","","","","","","","","","3","4","1","5","4","5","2","5","1","3","4","5","5","5","1","5","4","5","3","5","1","3","2","4","1","5","3","4","2","4","1","3","3","5","Rodzeństwo/Małżonkowie: 0->5, Opłata: 35.50->250.89;, Wiek: 56->17.50, Płeć: mężczyzna->kobieta;, Płeć: mężczyzna->kobieta, Wiek: 56->43.46, Opłata: 35.50->61.39;, Rodzeństwo/Małżonkowie: 0->5, Płeć: mężczyzna->kobieta;, Rodzeństwo/Małżonkowie: 0->3, Klasa: 1->3;, Rodzeństwo/Małżonkowie: 0->1.11;, Klasa: 1->3, Płeć: mężczyzna->kobieta, Wiek: 56->28.83, Opłata: 35.50->0, Rodzeństwo/Małżonkowie: 0->0.65;, Wiek: 56->64, Opłata: 35.50->27.72;, Opłata: 35.50->40.75, Rodzeństwo/Małżonkowie: 0->0.10, Wiek: 56->57.07;","Rodzeństwo/Małżonkowie: 2->7, Klasa: 2->1;, Rodzice/Dzieci: 1->5, Płeć: mężczyzna->kobieta;, Wiek: 23->3.70;, Wiek: 23->8, Rodzeństwo/Małżonkowie: 2->1, Opłata: 11.50->36.75;, Wiek: 23->8.50;, Klasa: 2->1, Rodzice/Dzieci: 1->1.80, Rodzeństwo/Małżonkowie: 2->3.11;, Klasa: 2->3, Płeć: mężczyzna->kobieta, Rodzice/Dzieci: 1->0, Rodzeństwo/Małżonkowie: 2->0.85, Wiek: 23->30.54, Opłata: 11.50->0;, Klasa: 2->1, Rodzice/Dzieci: 1->1.26, Rodzeństwo/Małżonkowie: 2->2.21, Wiek: 23->25.60, Opłata: 11.50->19.30;, Wiek: 23->17.43;","4","1","4","1","1","5","5","1","5","1","1","5","1","1","3","1","2","4","2","1","1","1","2","4","1","3","<19","Szkoła średnia","Informatyka / Inżynieria oprogramowania",""
"obN62vN","yPJQ1yB","2025-12-21 15:00:31","Tak","Tak","Nie","","","","","","","","","","","","3","4","2","5","5","3","2","4","1","1","5","5","5","1","3","5","5","3","4","3","1","3","2","4","1","5","5","4","2","4","1","1","5","5","Klasa: 1->3, Płeć: mężczyzna->kobieta, Wiek: 56->28.83, Opłata: 35.50->0, Rodzeństwo/Małżonkowie: 0->0.65;, Wiek: 56->17.50, Płeć: mężczyzna->kobieta;, Płeć: mężczyzna->kobieta, Wiek: 56->43.46, Opłata: 35.50->61.39;, Rodzeństwo/Małżonkowie: 0->5, Płeć: mężczyzna->kobieta;, Rodzeństwo/Małżonkowie: 0->5, Opłata: 35.50->250.89;, Rodzeństwo/Małżonkowie: 0->1.11;, Opłata: 35.50->40.75, Rodzeństwo/Małżonkowie: 0->0.10, Wiek: 56->57.07;, Rodzeństwo/Małżonkowie: 0->3, Klasa: 1->3;, Wiek: 56->64, Opłata: 35.50->27.72;","Wiek: 23->3.70;, Wiek: 23->8.50;, Rodzice/Dzieci: 1->5, Płeć: mężczyzna->kobieta;, Klasa: 2->3, Płeć: mężczyzna->kobieta, Rodzice/Dzieci: 1->0, Rodzeństwo/Małżonkowie: 2->0.85, Wiek: 23->30.54, Opłata: 11.50->0;, Rodzeństwo/Małżonkowie: 2->7, Klasa: 2->1;, Wiek: 23->17.43;, Klasa: 2->1, Rodzice/Dzieci: 1->1.80, Rodzeństwo/Małżonkowie: 2->3.11;, Wiek: 23->8, Rodzeństwo/Małżonkowie: 2->1, Opłata: 11.50->36.75;, Klasa: 2->1, Rodzice/Dzieci: 1->1.26, Rodzeństwo/Małżonkowie: 2->2.21, Wiek: 23->25.60, Opłata: 11.50->19.30;","3","1","2","1","1","1","3","2","2","2","2","2","1","1","2","2","2","2","1","1","1","1","1","1","1","1","19-26","Szkoła średnia","Informatyka / Inżynieria oprogramowania",""
"obNbMpb","D47j5PX","2025-12-21 21:29:28","Nie","Tak","Nie","","","","","","","","","","","","5","5","1","5","3","3","2","3","2","2","3","5","5","4","1","3","5","3","3","3","1","1","3","3","1","3","5","5","4","4","1","1","3","4","Wiek: 56->17.50, Płeć: mężczyzna->kobieta;, Rodzeństwo/Małżonkowie: 0->5, Opłata: 35.50->250.89;, Rodzeństwo/Małżonkowie: 0->5, Płeć: mężczyzna->kobieta;, Płeć: mężczyzna->kobieta, Wiek: 56->43.46, Opłata: 35.50->61.39;, Rodzeństwo/Małżonkowie: 0->1.11;, Rodzeństwo/Małżonkowie: 0->3, Klasa: 1->3;, Klasa: 1->3, Płeć: mężczyzna->kobieta, Wiek: 56->28.83, Opłata: 35.50->0, Rodzeństwo/Małżonkowie: 0->0.65;, Wiek: 56->64, Opłata: 35.50->27.72;, Opłata: 35.50->40.75, Rodzeństwo/Małżonkowie: 0->0.10, Wiek: 56->57.07;","Klasa: 2->1, Rodzice/Dzieci: 1->1.80, Rodzeństwo/Małżonkowie: 2->3.11;, Wiek: 23->8, Rodzeństwo/Małżonkowie: 2->1, Opłata: 11.50->36.75;, Rodzice/Dzieci: 1->5, Płeć: mężczyzna->kobieta;, Wiek: 23->17.43;, Wiek: 23->8.50;, Klasa: 2->1, Rodzice/Dzieci: 1->1.26, Rodzeństwo/Małżonkowie: 2->2.21, Wiek: 23->25.60, Opłata: 11.50->19.30;, Klasa: 2->3, Płeć: mężczyzna->kobieta, Rodzice/Dzieci: 1->0, Rodzeństwo/Małżonkowie: 2->0.85, Wiek: 23->30.54, Opłata: 11.50->0;, Wiek: 23->3.70;, Rodzeństwo/Małżonkowie: 2->7, Klasa: 2->1;","2","2","3","2","1","5","3","2","4","1","2","3","1","1","2","1","1","1","1","2","1","1","2","3","1","2","46-65","Szkoła średnia","Opieka zdrowotna / Medycyna",""
"rj9jdYN","GxRZYOO","2025-12-21 22:47:03","Tak","Tak","Tak","Tak, rzadko","Decyzje dotyczące diagnozy medycznej, Decyzje finansowe dotyczące pożyczek/kredytów, Rekomendacje produktów, Strategia biznesowa","true","true","false","false","true","false","true","false","","1","1","1","4","2","3","2","2","1","3","3","2","4","3","2","4","4","4","4","2","1","2","2","3","1","4","4","4","2","2","1","1","3","4","Klasa: 1->3, Płeć: mężczyzna->kobieta, Wiek: 56->28.83, Opłata: 35.50->0, Rodzeństwo/Małżonkowie: 0->0.65;, Opłata: 35.50->40.75, Rodzeństwo/Małżonkowie: 0->0.10, Wiek: 56->57.07;, Wiek: 56->17.50, Płeć: mężczyzna->kobieta;, Płeć: mężczyzna->kobieta, Wiek: 56->43.46, Opłata: 35.50->61.39;, Wiek: 56->64, Opłata: 35.50->27.72;, Rodzeństwo/Małżonkowie: 0->5, Płeć: mężczyzna->kobieta;, Rodzeństwo/Małżonkowie: 0->5, Opłata: 35.50->250.89;, Rodzeństwo/Małżonkowie: 0->3, Klasa: 1->3;, Rodzeństwo/Małżonkowie: 0->1.11;","Klasa: 2->3, Płeć: mężczyzna->kobieta, Rodzice/Dzieci: 1->0, Rodzeństwo/Małżonkowie: 2->0.85, Wiek: 23->30.54, Opłata: 11.50->0;, Klasa: 2->1, Rodzice/Dzieci: 1->1.26, Rodzeństwo/Małżonkowie: 2->2.21, Wiek: 23->25.60, Opłata: 11.50->19.30;, Wiek: 23->17.43;, Wiek: 23->8.50;, Wiek: 23->3.70;, Wiek: 23->8, Rodzeństwo/Małżonkowie: 2->1, Opłata: 11.50->36.75;, Klasa: 2->1, Rodzice/Dzieci: 1->1.80, Rodzeństwo/Małżonkowie: 2->3.11;, Rodzeństwo/Małżonkowie: 2->7, Klasa: 2->1;, Rodzice/Dzieci: 1->5, Płeć: mężczyzna->kobieta;","4","3","4","4","1","1","5","4","5","4","2","2","1","2","4","1","2","1","4","1","1","1","1","5","1","2","27-45","Tytuł magistra","Informatyka / Inżynieria oprogramowania",""
"QK91Yog","VLzrNj6","2025-12-22 09:47:41","Nie","Tak","Nie","","","","","","","","","","","","1","1","1","1","2","3","1","3","1","4","3","3","4","4","4","3","3","3","3","4","1","3","3","5","1","4","4","3","4","1","1","4","4","4","Rodzeństwo/Małżonkowie: 0->3, Klasa: 1->3;, Rodzeństwo/Małżonkowie: 0->1.11;, Wiek: 56->17.50, Płeć: mężczyzna->kobieta;, Rodzeństwo/Małżonkowie: 0->5, Opłata: 35.50->250.89;, Płeć: mężczyzna->kobieta, Wiek: 56->43.46, Opłata: 35.50->61.39;, Klasa: 1->3, Płeć: mężczyzna->kobieta, Wiek: 56->28.83, Opłata: 35.50->0, Rodzeństwo/Małżonkowie: 0->0.65;, Opłata: 35.50->40.75, Rodzeństwo/Małżonkowie: 0->0.10, Wiek: 56->57.07;, Wiek: 56->64, Opłata: 35.50->27.72;, Rodzeństwo/Małżonkowie: 0->5, Płeć: mężczyzna->kobieta;","Rodzice/Dzieci: 1->5, Płeć: mężczyzna->kobieta;, Klasa: 2->3, Płeć: mężczyzna->kobieta, Rodzice/Dzieci: 1->0, Rodzeństwo/Małżonkowie: 2->0.85, Wiek: 23->30.54, Opłata: 11.50->0;, Klasa: 2->1, Rodzice/Dzieci: 1->1.26, Rodzeństwo/Małżonkowie: 2->2.21, Wiek: 23->25.60, Opłata: 11.50->19.30;, Wiek: 23->8, Rodzeństwo/Małżonkowie: 2->1, Opłata: 11.50->36.75;, Klasa: 2->1, Rodzice/Dzieci: 1->1.80, Rodzeństwo/Małżonkowie: 2->3.11;, Rodzeństwo/Małżonkowie: 2->7, Klasa: 2->1;, Wiek: 23->3.70;, Wiek: 23->8.50;, Wiek: 23->17.43;","1","1","5","5","1","2","3","4","3","5","1","1","1","1","1","1","1","5","1","1","1","1","1","1","1","1","46-65","Szkoła podstawowa","Sektor publiczny / Organizacja non-profit",""
"LZx9rLG","0Qe495Q","2025-12-22 11:50:41","Tak","Nie","Tak","Tak, często","Decyzje dotyczące diagnozy medycznej, Decyzje finansowe dotyczące pożyczek/kredytów, Decyzje prawne/sądowe, Strategia biznesowa, Badania naukowe","true","true","false","true","false","true","true","false","","2","2","1","5","4","3","2","5","1","2","3","5","5","5","2","5","4","5","3","5","1","4","2","5","1","5","3","3","1","2","1","4","3","4","Klasa: 1->3, Płeć: mężczyzna->kobieta, Wiek: 56->28.83, Opłata: 35.50->0, Rodzeństwo/Małżonkowie: 0->0.65;, Płeć: mężczyzna->kobieta, Wiek: 56->43.46, Opłata: 35.50->61.39;, Rodzeństwo/Małżonkowie: 0->5, Opłata: 35.50->250.89;, Wiek: 56->17.50, Płeć: mężczyzna->kobieta;, Wiek: 56->64, Opłata: 35.50->27.72;, Opłata: 35.50->40.75, Rodzeństwo/Małżonkowie: 0->0.10, Wiek: 56->57.07;, Rodzeństwo/Małżonkowie: 0->5, Płeć: mężczyzna->kobieta;, Rodzeństwo/Małżonkowie: 0->1.11;, Rodzeństwo/Małżonkowie: 0->3, Klasa: 1->3;","Klasa: 2->3, Płeć: mężczyzna->kobieta, Rodzice/Dzieci: 1->0, Rodzeństwo/Małżonkowie: 2->0.85, Wiek: 23->30.54, Opłata: 11.50->0;, Klasa: 2->1, Rodzice/Dzieci: 1->1.26, Rodzeństwo/Małżonkowie: 2->2.21, Wiek: 23->25.60, Opłata: 11.50->19.30;, Klasa: 2->1, Rodzice/Dzieci: 1->1.80, Rodzeństwo/Małżonkowie: 2->3.11;, Wiek: 23->17.43;, Wiek: 23->3.70;, Wiek: 23->8.50;, Wiek: 23->8, Rodzeństwo/Małżonkowie: 2->1, Opłata: 11.50->36.75;, Rodzeństwo/Małżonkowie: 2->7, Klasa: 2->1;, Rodzice/Dzieci: 1->5, Płeć: mężczyzna->kobieta;","1","1","4","1","1","5","5","1","5","1","2","2","1","1","3","1","2","1","3","1","1","1","1","3","1","1","19-26","Licencjat","Informatyka / Inżynieria oprogramowania",""
"D4OBQVX","GxRMMdo","2025-12-22 12:05:08","Tak","Tak","Nie","","","","","","","","","","","","1","5","1","5","4","5","1","5","1","3","4","5","5","3","1","5","5","3","4","3","1","5","3","5","1","5","3","4","1","5","1","4","2","5","Rodzeństwo/Małżonkowie: 0->5, Opłata: 35.50->250.89;, Rodzeństwo/Małżonkowie: 0->5, Płeć: mężczyzna->kobieta;, Płeć: mężczyzna->kobieta, Wiek: 56->43.46, Opłata: 35.50->61.39;, Rodzeństwo/Małżonkowie: 0->1.11;, Wiek: 56->64, Opłata: 35.50->27.72;, Klasa: 1->3, Płeć: mężczyzna->kobieta, Wiek: 56->28.83, Opłata: 35.50->0, Rodzeństwo/Małżonkowie: 0->0.65;, Wiek: 56->17.50, Płeć: mężczyzna->kobieta;, Opłata: 35.50->40.75, Rodzeństwo/Małżonkowie: 0->0.10, Wiek: 56->57.07;, Rodzeństwo/Małżonkowie: 0->3, Klasa: 1->3;","Klasa: 2->1, Rodzice/Dzieci: 1->1.26, Rodzeństwo/Małżonkowie: 2->2.21, Wiek: 23->25.60, Opłata: 11.50->19.30;, Wiek: 23->8, Rodzeństwo/Małżonkowie: 2->1, Opłata: 11.50->36.75;, Klasa: 2->3, Płeć: mężczyzna->kobieta, Rodzice/Dzieci: 1->0, Rodzeństwo/Małżonkowie: 2->0.85, Wiek: 23->30.54, Opłata: 11.50->0;, Rodzeństwo/Małżonkowie: 2->7, Klasa: 2->1;, Klasa: 2->1, Rodzice/Dzieci: 1->1.80, Rodzeństwo/Małżonkowie: 2->3.11;, Rodzice/Dzieci: 1->5, Płeć: mężczyzna->kobieta;, Wiek: 23->17.43;, Wiek: 23->8.50;, Wiek: 23->3.70;","3","1","4","1","1","5","5","1","5","1","2","5","1","1","3","1","3","1","3","1","1","1","1","4","1","3","19-26","Szkoła średnia","Informatyka / Inżynieria oprogramowania",""
"9q0XBLY","KYVbQQD","2025-12-22 12:50:04","Tak","Tak","Nie","","","","","","","","","","","","1","5","1","5","3","3","1","3","1","4","3","5","4","2","1","5","5","2","2","3","1","2","2","5","1","5","3","4","1","4","1","4","1","5","Wiek: 56->17.50, Płeć: mężczyzna->kobieta;, Wiek: 56->64, Opłata: 35.50->27.72;, Rodzeństwo/Małżonkowie: 0->3, Klasa: 1->3;, Płeć: mężczyzna->kobieta, Wiek: 56->43.46, Opłata: 35.50->61.39;, Opłata: 35.50->40.75, Rodzeństwo/Małżonkowie: 0->0.10, Wiek: 56->57.07;, Klasa: 1->3, Płeć: mężczyzna->kobieta, Wiek: 56->28.83, Opłata: 35.50->0, Rodzeństwo/Małżonkowie: 0->0.65;, Rodzeństwo/Małżonkowie: 0->1.11;, Rodzeństwo/Małżonkowie: 0->5, Płeć: mężczyzna->kobieta;, Rodzeństwo/Małżonkowie: 0->5, Opłata: 35.50->250.89;","Klasa: 2->1, Rodzice/Dzieci: 1->1.26, Rodzeństwo/Małżonkowie: 2->2.21, Wiek: 23->25.60, Opłata: 11.50->19.30;, Wiek: 23->17.43;, Klasa: 2->1, Rodzice/Dzieci: 1->1.80, Rodzeństwo/Małżonkowie: 2->3.11;, Rodzeństwo/Małżonkowie: 2->7, Klasa: 2->1;, Wiek: 23->8, Rodzeństwo/Małżonkowie: 2->1, Opłata: 11.50->36.75;, Wiek: 23->3.70;, Wiek: 23->8.50;, Klasa: 2->3, Płeć: mężczyzna->kobieta, Rodzice/Dzieci: 1->0, Rodzeństwo/Małżonkowie: 2->0.85, Wiek: 23->30.54, Opłata: 11.50->0;, Rodzice/Dzieci: 1->5, Płeć: mężczyzna->kobieta;","2","1","3","1","1","5","4","1","5","1","2","3","1","1","3","1","2","3","1","1","1","1","1","5","1","4","19-26","Szkoła średnia","Inżynieria",""
"WObPbGP","QKVoXkY","2025-12-24 18:18:43","Tak","Tak","Nie","","","","","","","","","","","","2","4","1","5","5","4","1","3","1","1","4","4","5","2","3","5","5","1","3","2","1","3","3","4","1","5","4","4","2","4","1","1","2","3","Wiek: 56->17.50, Płeć: mężczyzna->kobieta;, Rodzeństwo/Małżonkowie: 0->3, Klasa: 1->3;, Klasa: 1->3, Płeć: mężczyzna->kobieta, Wiek: 56->28.83, Opłata: 35.50->0, Rodzeństwo/Małżonkowie: 0->0.65;, Rodzeństwo/Małżonkowie: 0->5, Płeć: mężczyzna->kobieta;, Rodzeństwo/Małżonkowie: 0->5, Opłata: 35.50->250.89;, Płeć: mężczyzna->kobieta, Wiek: 56->43.46, Opłata: 35.50->61.39;, Rodzeństwo/Małżonkowie: 0->1.11;, Opłata: 35.50->40.75, Rodzeństwo/Małżonkowie: 0->0.10, Wiek: 56->57.07;, Wiek: 56->64, Opłata: 35.50->27.72;","Wiek: 23->3.70;, Wiek: 23->8.50;, Wiek: 23->8, Rodzeństwo/Małżonkowie: 2->1, Opłata: 11.50->36.75;, Wiek: 23->17.43;, Rodzice/Dzieci: 1->5, Płeć: mężczyzna->kobieta;, Klasa: 2->3, Płeć: mężczyzna->kobieta, Rodzice/Dzieci: 1->0, Rodzeństwo/Małżonkowie: 2->0.85, Wiek: 23->30.54, Opłata: 11.50->0;, Klasa: 2->1, Rodzice/Dzieci: 1->1.26, Rodzeństwo/Małżonkowie: 2->2.21, Wiek: 23->25.60, Opłata: 11.50->19.30;, Klasa: 2->1, Rodzice/Dzieci: 1->1.80, Rodzeństwo/Małżonkowie: 2->3.11;, Rodzeństwo/Małżonkowie: 2->7, Klasa: 2->1;","2","1","3","1","2","5","4","2","5","1","3","4","1","1","4","1","3","3","2","2","1","1","2","3","1","2","19-26","Szkoła średnia","Informatyka / Inżynieria oprogramowania","Bioinformatyka"
"vG6JxMg","J9zl7K7","2025-12-26 14:31:54","Tak","Tak","Nie","","","","","","","","","","","","2","4","1","5","4","4","1","4","1","3","3","4","5","4","2","5","5","4","4","4","1","3","4","4","1","5","4","3","1","5","1","3","4","5","Rodzeństwo/Małżonkowie: 0->5, Płeć: mężczyzna->kobieta;, Wiek: 56->17.50, Płeć: mężczyzna->kobieta;, Rodzeństwo/Małżonkowie: 0->3, Klasa: 1->3;, Rodzeństwo/Małżonkowie: 0->1.11;, Opłata: 35.50->40.75, Rodzeństwo/Małżonkowie: 0->0.10, Wiek: 56->57.07;, Wiek: 56->64, Opłata: 35.50->27.72;, Klasa: 1->3, Płeć: mężczyzna->kobieta, Wiek: 56->28.83, Opłata: 35.50->0, Rodzeństwo/Małżonkowie: 0->0.65;, Płeć: mężczyzna->kobieta, Wiek: 56->43.46, Opłata: 35.50->61.39;, Rodzeństwo/Małżonkowie: 0->5, Opłata: 35.50->250.89;","Wiek: 23->8.50;, Klasa: 2->3, Płeć: mężczyzna->kobieta, Rodzice/Dzieci: 1->0, Rodzeństwo/Małżonkowie: 2->0.85, Wiek: 23->30.54, Opłata: 11.50->0;, Wiek: 23->3.70;, Wiek: 23->17.43;, Wiek: 23->8, Rodzeństwo/Małżonkowie: 2->1, Opłata: 11.50->36.75;, Klasa: 2->1, Rodzice/Dzieci: 1->1.26, Rodzeństwo/Małżonkowie: 2->2.21, Wiek: 23->25.60, Opłata: 11.50->19.30;, Rodzice/Dzieci: 1->5, Płeć: mężczyzna->kobieta;, Rodzeństwo/Małżonkowie: 2->7, Klasa: 2->1;, Klasa: 2->1, Rodzice/Dzieci: 1->1.80, Rodzeństwo/Małżonkowie: 2->3.11;","4","1","4","1","2","5","5","1","4","1","3","3","1","1","4","1","4","3","3","3","1","1","2","4","1","4","19-26","Szkoła średnia","Opieka zdrowotna / Medycyna",""
"q4QJ6B8","Zja2dXz","2025-12-26 16:55:24","Tak","Tak","Tak","Tak, rzadko","Rekomendacje produktów","false","false","false","false","true","false","false","false","","1","5","1","5","4","4","1","1","1","5","4","2","4","5","1","1","5","1","4","5","1","3","3","5","1","5","3","3","1","2","1","5","3","3","Rodzeństwo/Małżonkowie: 0->3, Klasa: 1->3;, Rodzeństwo/Małżonkowie: 0->1.11;, Wiek: 56->17.50, Płeć: mężczyzna->kobieta;, Rodzeństwo/Małżonkowie: 0->5, Płeć: mężczyzna->kobieta;, Płeć: mężczyzna->kobieta, Wiek: 56->43.46, Opłata: 35.50->61.39;, Klasa: 1->3, Płeć: mężczyzna->kobieta, Wiek: 56->28.83, Opłata: 35.50->0, Rodzeństwo/Małżonkowie: 0->0.65;, Rodzeństwo/Małżonkowie: 0->5, Opłata: 35.50->250.89;, Wiek: 56->64, Opłata: 35.50->27.72;, Opłata: 35.50->40.75, Rodzeństwo/Małżonkowie: 0->0.10, Wiek: 56->57.07;","Rodzice/Dzieci: 1->5, Płeć: mężczyzna->kobieta;, Wiek: 23->8, Rodzeństwo/Małżonkowie: 2->1, Opłata: 11.50->36.75;, Klasa: 2->1, Rodzice/Dzieci: 1->1.80, Rodzeństwo/Małżonkowie: 2->3.11;, Klasa: 2->3, Płeć: mężczyzna->kobieta, Rodzice/Dzieci: 1->0, Rodzeństwo/Małżonkowie: 2->0.85, Wiek: 23->30.54, Opłata: 11.50->0;, Klasa: 2->1, Rodzice/Dzieci: 1->1.26, Rodzeństwo/Małżonkowie: 2->2.21, Wiek: 23->25.60, Opłata: 11.50->19.30;, Rodzeństwo/Małżonkowie: 2->7, Klasa: 2->1;, Wiek: 23->17.43;, Wiek: 23->3.70;, Wiek: 23->8.50;","2","1","4","5","1","1","3","1","4","1","2","2","1","1","1","1","1","1","1","1","1","1","2","4","1","1","27-45","Szkoła średnia","Finanse / Bankowość",""
"MeZypJM","RGPz7Mp","2025-12-28 11:46:53","Tak","Tak","Nie","","","","","","","","","","","","3","3","1","5","5","3","1","4","1","2","3","5","5","5","1","5","5","5","4","5","1","4","4","5","1","5","3","5","3","5","2","3","4","5","Rodzeństwo/Małżonkowie: 0->5, Płeć: mężczyzna->kobieta;, Klasa: 1->3, Płeć: mężczyzna->kobieta, Wiek: 56->28.83, Opłata: 35.50->0, Rodzeństwo/Małżonkowie: 0->0.65;, Rodzeństwo/Małżonkowie: 0->5, Opłata: 35.50->250.89;, Rodzeństwo/Małżonkowie: 0->1.11;, Rodzeństwo/Małżonkowie: 0->3, Klasa: 1->3;, Wiek: 56->17.50, Płeć: mężczyzna->kobieta;, Płeć: mężczyzna->kobieta, Wiek: 56->43.46, Opłata: 35.50->61.39;, Opłata: 35.50->40.75, Rodzeństwo/Małżonkowie: 0->0.10, Wiek: 56->57.07;, Wiek: 56->64, Opłata: 35.50->27.72;","Klasa: 2->1, Rodzice/Dzieci: 1->1.80, Rodzeństwo/Małżonkowie: 2->3.11;, Rodzeństwo/Małżonkowie: 2->7, Klasa: 2->1;, Wiek: 23->3.70;, Klasa: 2->1, Rodzice/Dzieci: 1->1.26, Rodzeństwo/Małżonkowie: 2->2.21, Wiek: 23->25.60, Opłata: 11.50->19.30;, Rodzice/Dzieci: 1->5, Płeć: mężczyzna->kobieta;, Wiek: 23->8, Rodzeństwo/Małżonkowie: 2->1, Opłata: 11.50->36.75;, Klasa: 2->3, Płeć: mężczyzna->kobieta, Rodzice/Dzieci: 1->0, Rodzeństwo/Małżonkowie: 2->0.85, Wiek: 23->30.54, Opłata: 11.50->0;, Wiek: 23->17.43;, Wiek: 23->8.50;","3","1","4","1","1","5","4","1","4","1","3","3","1","1","1","2","1","2","1","1","1","1","1","4","1","4","46-65","Tytuł magistra","Edukacja",""
"rj9WxQR","68NkLJk","2025-12-28 12:38:21","Nie","Tak","Nie","","","","","","","","","","","","3","4","1","5","5","4","2","5","1","4","5","5","5","5","1","5","5","4","5","4","1","4","3","5","1","5","3","5","3","4","1","4","3","4","Rodzeństwo/Małżonkowie: 0->5, Opłata: 35.50->250.89;, Wiek: 56->17.50, Płeć: mężczyzna->kobieta;, Płeć: mężczyzna->kobieta, Wiek: 56->43.46, Opłata: 35.50->61.39;, Opłata: 35.50->40.75, Rodzeństwo/Małżonkowie: 0->0.10, Wiek: 56->57.07;, Rodzeństwo/Małżonkowie: 0->3, Klasa: 1->3;, Rodzeństwo/Małżonkowie: 0->1.11;, Rodzeństwo/Małżonkowie: 0->5, Płeć: mężczyzna->kobieta;, Klasa: 1->3, Płeć: mężczyzna->kobieta, Wiek: 56->28.83, Opłata: 35.50->0, Rodzeństwo/Małżonkowie: 0->0.65;, Wiek: 56->64, Opłata: 35.50->27.72;","Rodzice/Dzieci: 1->5, Płeć: mężczyzna->kobieta;, Klasa: 2->1, Rodzice/Dzieci: 1->1.26, Rodzeństwo/Małżonkowie: 2->2.21, Wiek: 23->25.60, Opłata: 11.50->19.30;, Klasa: 2->3, Płeć: mężczyzna->kobieta, Rodzice/Dzieci: 1->0, Rodzeństwo/Małżonkowie: 2->0.85, Wiek: 23->30.54, Opłata: 11.50->0;, Wiek: 23->17.43;, Wiek: 23->8.50;, Klasa: 2->1, Rodzice/Dzieci: 1->1.80, Rodzeństwo/Małżonkowie: 2->3.11;, Wiek: 23->8, Rodzeństwo/Małżonkowie: 2->1, Opłata: 11.50->36.75;, Wiek: 23->3.70;, Rodzeństwo/Małżonkowie: 2->7, Klasa: 2->1;","2","4","4","2","1","5","5","1","5","1","3","3","1","1","4","1","1","2","1","4","1","1","1","5","1","4","46-65","Tytuł magistra","Opieka zdrowotna / Medycyna",""
"Y57YAvJ","VLJa8Oj","2026-01-04 10:53:34","Tak","Tak","Tak","Tak, rzadko","Decyzje dotyczące diagnozy medycznej, Badania naukowe","true","false","false","false","false","true","false","false","","2","3","1","5","5","4","1","4","1","2","5","5","5","4","3","5","5","4","5","4","1","5","4","5","1","5","4","5","2","5","1","3","4","5","Rodzeństwo/Małżonkowie: 0->3, Klasa: 1->3;, Klasa: 1->3, Płeć: mężczyzna->kobieta, Wiek: 56->28.83, Opłata: 35.50->0, Rodzeństwo/Małżonkowie: 0->0.65;, Płeć: mężczyzna->kobieta, Wiek: 56->43.46, Opłata: 35.50->61.39;, Rodzeństwo/Małżonkowie: 0->1.11;, Opłata: 35.50->40.75, Rodzeństwo/Małżonkowie: 0->0.10, Wiek: 56->57.07;, Wiek: 56->64, Opłata: 35.50->27.72;, Rodzeństwo/Małżonkowie: 0->5, Płeć: mężczyzna->kobieta;, Rodzeństwo/Małżonkowie: 0->5, Opłata: 35.50->250.89;, Wiek: 56->17.50, Płeć: mężczyzna->kobieta;","Klasa: 2->1, Rodzice/Dzieci: 1->1.80, Rodzeństwo/Małżonkowie: 2->3.11;, Klasa: 2->1, Rodzice/Dzieci: 1->1.26, Rodzeństwo/Małżonkowie: 2->2.21, Wiek: 23->25.60, Opłata: 11.50->19.30;, Klasa: 2->3, Płeć: mężczyzna->kobieta, Rodzice/Dzieci: 1->0, Rodzeństwo/Małżonkowie: 2->0.85, Wiek: 23->30.54, Opłata: 11.50->0;, Rodzice/Dzieci: 1->5, Płeć: mężczyzna->kobieta;, Rodzeństwo/Małżonkowie: 2->7, Klasa: 2->1;, Wiek: 23->8, Rodzeństwo/Małżonkowie: 2->1, Opłata: 11.50->36.75;, Wiek: 23->3.70;, Wiek: 23->8.50;, Wiek: 23->17.43;","2","1","3","1","1","5","4","1","4","1","1","2","1","1","2","1","1","2","1","1","1","1","1","3","1","1","46-65","Tytuł magistra","Finanse / Bankowość",""
"lb89JVv","MeR9dEp","2026-01-06 18:23:49","Nie","Tak","Nie","","","","","","","","","","","","2","4","1","4","2","2","2","2","2","2","2","3","5","3","3","4","4","3","3","3","1","1","2","3","1","3","3","2","2","3","1","1","2","2","Klasa: 1->3, Płeć: mężczyzna->kobieta, Wiek: 56->28.83, Opłata: 35.50->0, Rodzeństwo/Małżonkowie: 0->0.65;, Opłata: 35.50->40.75, Rodzeństwo/Małżonkowie: 0->0.10, Wiek: 56->57.07;, Płeć: mężczyzna->kobieta, Wiek: 56->43.46, Opłata: 35.50->61.39;, Wiek: 56->17.50, Płeć: mężczyzna->kobieta;, Wiek: 56->64, Opłata: 35.50->27.72;, Rodzeństwo/Małżonkowie: 0->5, Płeć: mężczyzna->kobieta;, Rodzeństwo/Małżonkowie: 0->5, Opłata: 35.50->250.89;, Rodzeństwo/Małżonkowie: 0->3, Klasa: 1->3;, Rodzeństwo/Małżonkowie: 0->1.11;","Klasa: 2->3, Płeć: mężczyzna->kobieta, Rodzice/Dzieci: 1->0, Rodzeństwo/Małżonkowie: 2->0.85, Wiek: 23->30.54, Opłata: 11.50->0;, Klasa: 2->1, Rodzice/Dzieci: 1->1.26, Rodzeństwo/Małżonkowie: 2->2.21, Wiek: 23->25.60, Opłata: 11.50->19.30;, Wiek: 23->8, Rodzeństwo/Małżonkowie: 2->1, Opłata: 11.50->36.75;, Rodzice/Dzieci: 1->5, Płeć: mężczyzna->kobieta;, Rodzeństwo/Małżonkowie: 2->7, Klasa: 2->1;, Klasa: 2->1, Rodzice/Dzieci: 1->1.80, Rodzeństwo/Małżonkowie: 2->3.11;, Wiek: 23->8.50;, Wiek: 23->17.43;, Wiek: 23->3.70;","3","1","3","1","3","1","1","1","1","3","2","3","1","2","1","2","1","1","3","2","1","1","2","4","2","3","46-65","Tytuł magistra","Opieka zdrowotna / Medycyna",""
"xX5xpzd","XxWovLd","2026-01-08 15:34:09","Nie","Tak","Nie","Nie","Decyzje finansowe dotyczące pożyczek/kredytów","false","true","false","false","false","false","false","false","","1","2","1","4","2","2","1","2","1","1","2","4","5","2","1","5","5","4","4","3","1","2","3","4","1","5","2","3","2","3","1","1","3","5","Rodzeństwo/Małżonkowie: 0->5, Płeć: mężczyzna->kobieta;, Płeć: mężczyzna->kobieta, Wiek: 56->43.46, Opłata: 35.50->61.39;, Opłata: 35.50->40.75, Rodzeństwo/Małżonkowie: 0->0.10, Wiek: 56->57.07;, Wiek: 56->17.50, Płeć: mężczyzna->kobieta;, Rodzeństwo/Małżonkowie: 0->1.11;, Rodzeństwo/Małżonkowie: 0->5, Opłata: 35.50->250.89;, Rodzeństwo/Małżonkowie: 0->3, Klasa: 1->3;, Klasa: 1->3, Płeć: mężczyzna->kobieta, Wiek: 56->28.83, Opłata: 35.50->0, Rodzeństwo/Małżonkowie: 0->0.65;, Wiek: 56->64, Opłata: 35.50->27.72;","Rodzice/Dzieci: 1->5, Płeć: mężczyzna->kobieta;, Klasa: 2->1, Rodzice/Dzieci: 1->1.80, Rodzeństwo/Małżonkowie: 2->3.11;, Wiek: 23->17.43;, Wiek: 23->8.50;, Wiek: 23->3.70;, Wiek: 23->8, Rodzeństwo/Małżonkowie: 2->1, Opłata: 11.50->36.75;, Klasa: 2->1, Rodzice/Dzieci: 1->1.26, Rodzeństwo/Małżonkowie: 2->2.21, Wiek: 23->25.60, Opłata: 11.50->19.30;, Rodzeństwo/Małżonkowie: 2->7, Klasa: 2->1;, Klasa: 2->3, Płeć: mężczyzna->kobieta, Rodzice/Dzieci: 1->0, Rodzeństwo/Małżonkowie: 2->0.85, Wiek: 23->30.54, Opłata: 11.50->0;","3","4","4","1","1","5","4","1","5","1","2","4","1","5","3","2","1","5","1","5","1","1","1","5","1","5","<19","Szkoła podstawowa","Uczeń szkolny",""
"GxAv1AO","XxWovLd","2026-01-08 15:42:57","Nie","Tak","Nie","","","","","","","","","","","","3","3","2","5","5","5","3","4","1","1","2","3","5","2","2","5","5","3","5","1","1","1","3","4","1","5","4","5","1","4","1","1","5","5","Rodzeństwo/Małżonkowie: 0->5, Opłata: 35.50->250.89;, Rodzeństwo/Małżonkowie: 0->5, Płeć: mężczyzna->kobieta;, Rodzeństwo/Małżonkowie: 0->3, Klasa: 1->3;, Opłata: 35.50->40.75, Rodzeństwo/Małżonkowie: 0->0.10, Wiek: 56->57.07;, Klasa: 1->3, Płeć: mężczyzna->kobieta, Wiek: 56->28.83, Opłata: 35.50->0, Rodzeństwo/Małżonkowie: 0->0.65;, Wiek: 56->17.50, Płeć: mężczyzna->kobieta;, Płeć: mężczyzna->kobieta, Wiek: 56->43.46, Opłata: 35.50->61.39;, Wiek: 56->64, Opłata: 35.50->27.72;, Rodzeństwo/Małżonkowie: 0->1.11;","Rodzeństwo/Małżonkowie: 2->7, Klasa: 2->1;, Rodzice/Dzieci: 1->5, Płeć: mężczyzna->kobieta;, Wiek: 23->17.43;, Wiek: 23->8.50;, Wiek: 23->3.70;, Klasa: 2->1, Rodzice/Dzieci: 1->1.80, Rodzeństwo/Małżonkowie: 2->3.11;, Klasa: 2->3, Płeć: mężczyzna->kobieta, Rodzice/Dzieci: 1->0, Rodzeństwo/Małżonkowie: 2->0.85, Wiek: 23->30.54, Opłata: 11.50->0;, Klasa: 2->1, Rodzice/Dzieci: 1->1.26, Rodzeństwo/Małżonkowie: 2->2.21, Wiek: 23->25.60, Opłata: 11.50->19.30;, Wiek: 23->8, Rodzeństwo/Małżonkowie: 2->1, Opłata: 11.50->36.75;","1","1","3","1","1","5","4","1","4","1","3","3","1","1","3","1","1","5","1","1","1","1","1","3","1","1","46-65","Tytuł magistra","Opieka zdrowotna / Medycyna",""